product_key,product_id,product_category_name,product_weight_g,product_volume_cm3,product_photos_qty,product_description_length
8589934592,ead9ade61e81ab9e26d83640c3164e76,fashion_underwear_e_moda_praia,550.0,4131.0,3,487
8589934593,eadb1b7e01cc1cffae6481602d1ce7dc,malas_acessorios,283.0,7728.0,2,1345
8589934594,eaecac42c42a65691bc3662b123e884d,unknown,100.0,850.0,,
8589934595,eaee6d611cea1d76f3fe3a49d567b59c,utilidades_domesticas,700.0,12012.0,1,1438
8589934596,eaf2df1ba085ead0c130576b6ad37b2c,cama_mesa_banho,1600.0,7448.0,1,643
8589934597,eb005badd08b68a6361449b18b6e13bb,esporte_lazer,300.0,3000.0,5,3677
8589934598,eb0e8515502d5d125d0d9c6ad4b49a60,relogios_presentes,950.0,19008.0,1,1151
8589934599,eb10fbd5bb2b14db2c080b7fec381b52,beleza_saude,450.0,4096.0,1,478
8589934600,eb15361fe97df32845dd225073d56db3,bebes,500.0,8184.0,1,298
8589934601,eb3a1741e7422e1e9778cae59ed55bac,automotivo,4875.0,19712.0,6,703
8589934602,eb464e3e06e2701a532c9f08a774d0d0,utilidades_domesticas,148.0,14850.0,1,440
8589934603,eb47d7ea4e5611684330021baa317c17,bebes,12467.0,103740.0,4,1882
8589934604,eb54d6afabdf1f96c248b81dec8f180f,consoles_games,175.0,1224.0,1,2385
8589934605,eb551aa4ed7eb5e2839d5b7d2896bece,telefonia,100.0,627.0,1,350
8589934606,eb58ba0cc905a32c0d7235fc459b0b39,automotivo,5650.0,20539.0,6,703
8589934607,eb6511e81e85ff51547765cbc892f094,construcao_ferramentas_construcao,233.0,2142.0,1,1383
8589934608,eb6b6f708fb1a57720d0734f30c3b31e,esporte_lazer,1900.0,16660.0,3,1436
8589934609,eb6b82b5e0758b2710c52ef65ffad74d,moveis_escritorio,20900.0,62620.0,2,457
8589934610,eb7b82602a7931947d3a2708d9b88bb3,esporte_lazer,500.0,5000.0,2,439
8589934611,eb8851552616597cd924ef25f16706ed,cama_mesa_banho,2400.0,32000.0,1,584
8589934612,eba9bf6c14ca3ce171d097e358b12973,bebes,700.0,60000.0,1,1516
8589934613,ebb4f25d7c40bb0db47874a03edca0a6,informatica_acessorios,1500.0,9375.0,3,978
8589934614,ebb4faacc3b7ade065ff47901900c4e7,esporte_lazer,5350.0,35475.0,1,679
8589934615,ebb7abe5ebd35c40595ab16a4ada5c9d,livros_tecnicos,550.0,736.0,1,3408
8589934616,ebb7ccdb2a728a4188759bfa3cbd1fc0,utilidades_domesticas,1300.0,6000.0,3,900
8589934617,ebb7e538904b31d1ead2b53b5a7ee6d0,ferramentas_jardim,600.0,18000.0,2,476
8589934618,ebc76392dcafcf451f626382c71680cf,cama_mesa_banho,3250.0,10560.0,1,298
8589934619,ebccaf8ddfeb6858f6cf417708159453,bebes,1100.0,11136.0,1,449
8589934620,ebceb9726cf5c6187b48e17fe58747b0,cama_mesa_banho,200.0,2250.0,2,696
8589934621,ebcefe0202e6d4a7a3a115397fe0f78c,relogios_presentes,270.0,1944.0,2,585
8589934622,ebd127d25e3b326ac93b992dfd4d2e0b,ferramentas_jardim,150.0,3591.0,3,324
8589934623,ebd511983fe912346e316667a05c5cf9,consoles_games,200.0,3520.0,1,1278
8589934624,ebd57a2515930960ba32c9a88fa45423,beleza_saude,600.0,9384.0,4,635
8589934625,ebd7c847c1e1cb69ec374ae0ebee1f4c,moveis_decoracao,1200.0,18000.0,3,228
8589934626,ebee6703e867082f455a058a8bd04092,consoles_games,200.0,1875.0,2,321
8589934627,ebefb6072c2491dbd1d5ef8a76d245ec,esporte_lazer,8000.0,27000.0,1,2336
8589934628,ebf14501e5f29450814532d3ddc8a75f,utilidades_domesticas,1000.0,13824.0,1,323
8589934629,ebf24ee072330cc6f6ff44a74185d716,cama_mesa_banho,483.0,8712.0,2,555
8589934630,ebf5a1e0cf87ae9837d87ab93d47a46b,unknown,450.0,15625.0,,
8589934631,ebf6a0215aa3523486a430e93f6d56ec,cama_mesa_banho,1150.0,4800.0,2,687
8589934632,ebf7d9b8166c02eb72e573eebd630458,cama_mesa_banho,526.0,8712.0,2,185
8589934633,ebf969336461d98e41d31673d8af75ba,cama_mesa_banho,900.0,6612.0,1,238
8589934634,ebf994c2e4f532cfcdd500a64af8b69a,utilidades_domesticas,700.0,15680.0,6,463
8589934635,ebfe7a4ca40dd34375e373405a114c32,utilidades_domesticas,417.0,3762.0,2,79
8589934636,ec03b7c4f40b96139d2ce2ef0b798284,cama_mesa_banho,5900.0,23625.0,1,396
8589934637,ec1314c23c3f6210eaaf4fa625cae095,automotivo,600.0,8192.0,2,574
8589934638,ec1600d8f15b93ce3e402f522696a18c,beleza_saude,20200.0,108000.0,6,407
8589934639,ec165cd31c50585786ffda6feff5d0a6,brinquedos,967.0,22977.0,1,503
8589934640,ec22e13f6e6798a040b5e4db9d434e59,brinquedos,350.0,23625.0,1,223
8589934641,ec246911ea63f94a11fc8d78c270153f,instrumentos_musicais,600.0,8448.0,1,335
8589934642,ec360a89366f33dc9b8de9fcf67a57d9,informatica_acessorios,125.0,4096.0,2,680
8589934643,ec3fafb13c7b9f49df72c75171046cb0,automotivo,3500.0,4840.0,3,1435
8589934644,ec43cd2a8e402d3a2f01f4404e717a37,automotivo,3850.0,20539.0,6,695
8589934645,ec4e57291d338e3c8aa867c384d1be68,artigos_de_natal,450.0,3520.0,1,247
8589934646,ec538f9435c2c6da3874121d51c5c556,beleza_saude,1300.0,25600.0,1,1282
8589934647,ec56bda3963299a95bf284b63581716f,informatica_acessorios,375.0,3744.0,2,961
8589934648,ec599713785663cb46e6cb801f28e5f8,eletroportateis,300.0,7000.0,1,662
8589934649,ec5b3c8bb77ad22278f6e9d719a83de3,casa_conforto_2,700.0,32760.0,1,348
8589934650,ec65faa314338306f45b04be616eed53,livros_interesse_geral,1525.0,5054.0,1,618
8589934651,ec6cf0744914e96d2c1bf6a1bc475665,eletrodomesticos,1850.0,2080.0,1,392
8589934652,ec72148301904394ad2c3f6204781102,cama_mesa_banho,650.0,2560.0,1,210
8589934653,ec743e758e4f6c47b4b9e73ddd129e86,utilidades_domesticas,900.0,15120.0,2,611
8589934654,ec74982f2c5381621923b6b704605624,pet_shop,700.0,6732.0,3,869
8589934655,ec7b66dc5dc162790056db61a1d61c99,moveis_decoracao,3000.0,67200.0,1,711
8589934656,ec7dad92a5f70cbc21297b16d7a2be96,cama_mesa_banho,1400.0,33600.0,3,211
8589934657,ec811f847a08d7ad8203b790a1db3070,moveis_decoracao,2000.0,10648.0,1,463
8589934658,ec8ae427905e10052ee4f1e9993b6763,bebes,6200.0,56250.0,2,224
8589934659,ec8cad139523a58066a27ef934466932,beleza_saude,14400.0,86320.0,1,757
8589934660,ecaaaccb5eb3102553f001d62db6389e,informatica_acessorios,125.0,2688.0,2,144
8589934661,ecaae002060173ec59f5b168cbd55d70,automotivo,825.0,7200.0,1,1741
8589934662,ecac086eca2f806295b1f43b4f6ca119,fashion_roupa_feminina,600.0,54000.0,2,1628
8589934663,ecb050847b3d0db36fe380cf68ad02b5,automotivo,2000.0,15840.0,5,665
8589934664,ecb054d15ac79df23f143de21d0dea23,esporte_lazer,200.0,15625.0,3,297
8589934665,ecb092c44590e3c5867a4b8bb4f08ce5,beleza_saude,725.0,5236.0,1,1362
8589934666,ecb5b54535b9954dfabb3bd16f3c567d,telefonia,117.0,1235.0,1,2112
8589934667,ecb6e29c8e01d5fbc73da1d0f12c088e,beleza_saude,2150.0,11220.0,1,1679
8589934668,ecbd7c0c31f1779002f5a78b2a1873ae,bebes,183.0,5324.0,2,362
8589934669,ecbe401f10ecd3b822d940d63cc3311e,eletronicos,700.0,1344.0,4,915
8589934670,ecc7db31196f7b009d734aeb1e604ef7,esporte_lazer,2200.0,17280.0,1,2469
8589934671,ecd15c67f7a723b7de79f4346911e122,informatica_acessorios,150.0,2880.0,3,2164
8589934672,ecd5590150f090ae992fb88204802235,eletroportateis,100.0,1764.0,3,826
8589934673,ecd5ed7617a3120fd8951a701c93f9bf,utilidades_domesticas,3700.0,16000.0,1,830
8589934674,ecd5fb40310b0f37e80e312bccc3b1ee,esporte_lazer,1000.0,3125.0,4,720
8589934675,ece54c93627dcd4a6352b330d5052678,esporte_lazer,1050.0,16000.0,4,1381
8589934676,ecf11081ba69df87eeaa46e5c3de564e,utilidades_domesticas,900.0,7392.0,2,682
8589934677,ecf9484703bdfb9cfcc1ac9c2084b567,utilidades_domesticas,11400.0,38475.0,5,270
8589934678,ecfe9a892071ef1c94ee53f77e2e063b,cama_mesa_banho,2800.0,8400.0,1,487
8589934679,ecff01b4ee9f0ccd20f371fa7d97d064,moveis_cozinha_area_de_servico_jantar_e_jardim,8700.0,24000.0,2,1307
8589934680,ed000a9f9f04376551e24de254464c9e,unknown,7400.0,8400.0,,
8589934681,ed00a8453145186b3f071f1e3edef33d,construcao_ferramentas_construcao,225.0,624.0,1,352
8589934682,ed00c79b26683d1f8d4a6df605efe886,livros_interesse_geral,400.0,2808.0,1,485
8589934683,ed01ede241c5149867b22ad7f03cba44,casa_construcao,400.0,23345.0,4,899
8589934684,ed1464ef7688d6e76b2bf2600c1ea3e9,informatica_acessorios,650.0,1920.0,2,398
8589934685,ed2fc520be85f46ed17accb235cf3d23,telefonia,150.0,880.0,3,283
8589934686,ed38e11473775cde0d65f698aa0a4d27,papelaria,1600.0,34800.0,4,317
8589934687,ed3ad08bb1996a67332591b7b1a6cff1,informatica_acessorios,1850.0,7680.0,1,350
8589934688,ed3d4d9d28256f0c6c2af63d199cd720,perfumaria,367.0,3600.0,1,525
8589934689,ed43976cb61c922803515e4963d9e5cc,beleza_saude,2500.0,14000.0,1,3950
8589934690,ed47a454f5fbb920098724ccf04f86de,utilidades_domesticas,350.0,2080.0,3,766
8589934691,ed4863e3b4fddea62d559b6aa0f4df4b,cama_mesa_banho,1100.0,7200.0,1,702
8589934692,ed50991bf7ccfa075d2cb1ca9a29adae,moveis_decoracao,1100.0,23625.0,1,395
8589934693,ed5122a6a757a4fea8f32a6fb95a5135,cama_mesa_banho,1938.0,21648.0,1,250
8589934694,ed52d46b8e1ed9b1051575c9ed262092,informatica_acessorios,150.0,624.0,2,217
8589934695,ed5726c8183554422f610ef95fa19744,beleza_saude,363.0,7220.0,1,1018
8589934696,ed5783fe4b2194c66043e77b648ff4cb,moveis_colchao_e_estofado,6600.0,39375.0,2,787
8589934697,ed61f9d2b8837c3aeebb563b7305ef78,cama_mesa_banho,3500.0,19200.0,1,301
8589934698,ed63424b3f5b4d29c94bbb3d965240f5,perfumaria,150.0,2652.0,1,1138
8589934699,ed6aa9dd6a70f0af477c150b0f5f47f2,construcao_ferramentas_seguranca,200.0,2023.0,1,1686
8589934700,ed6bc7b0fbc4062bfcb009b1c080dca8,informatica_acessorios,200.0,7936.0,1,210
8589934701,ed6e17c5f34a20c7569b6ac2597ee223,automotivo,30000.0,105000.0,1,611
8589934702,ed739dfa91e2c770354726fe0bf9cc72,utilidades_domesticas,250.0,1540.0,6,798
8589934703,ed77034b92386a1a8cfd3c648d715dde,telefonia,317.0,2432.0,1,503
8589934704,ed811f9c4ce4994aa221a2b3875666db,telefonia,100.0,627.0,11,349
8589934705,ed81ccd0bc6bf90922a03bd003d66db0,utilidades_domesticas,350.0,5250.0,3,369
8589934706,ed832a46332b37403eb8670e6bcb9ee1,beleza_saude,400.0,5184.0,1,482
8589934707,ed836edc15625c202f6ba85dbbe95c3a,relogios_presentes,200.0,352.0,3,564
8589934708,ed8a1f836c749d54eb9d0dd503995f7b,moveis_decoracao,550.0,12000.0,1,629
8589934709,ed996a90597b8541c387ce93622ac44c,automotivo,50.0,816.0,3,833
8589934710,ed9b924bdbd0fd22c60aba6dddfbb6e5,audio,675.0,3168.0,1,1046
8589934711,ed9d81a5043f74cbe0e3db315770af45,consoles_games,1300.0,7800.0,2,2020
8589934712,eda9ace7ea76f19d80475c07f44acfbe,perfumaria,400.0,2800.0,1,868
8589934713,edaa2bd93560f6d79e10b21fa2858004,moveis_decoracao,2350.0,27216.0,11,192
8589934714,edac4210602e69d752554780d5a913f4,ferramentas_jardim,450.0,4913.0,1,1302
8589934715,edae5a83fa229c8a7ec2d4730120bbda,beleza_saude,200.0,1600.0,4,812
8589934716,edb124ed00c0f8105a1504abd169aabd,telefonia_fixa,6050.0,36000.0,2,1712
8589934717,edba1f070ba4f8137a89925f6c016bfa,beleza_saude,200.0,1596.0,1,1918
8589934718,edc5fb7cd23cfd91367038801fd55ec9,utilidades_domesticas,450.0,4128.0,1,439
8589934719,edc8415b709fb70b465f80301ad0a9fe,livros_interesse_geral,640.0,5670.0,6,1258
8589934720,edcd467c7d7e9c938260a63084594296,beleza_saude,1250.0,4224.0,4,1471
8589934721,edd633de6667d87ad7e3f83d2e0e382c,cool_stuff,3585.0,28600.0,2,190
8589934722,ede062bcd13ef64b5cc87369e4edaf62,beleza_saude,250.0,1200.0,1,391
8589934723,edec8e73963826ce09b218ed8cafe3a6,utilidades_domesticas,4513.0,37600.0,1,171
8589934724,edf3fcc4ffbf81855bbf404a5274ceee,industria_comercio_e_negocios,850.0,18000.0,1,1058
8589934725,edf78e9c664f8713bb06e61eff191ef8,brinquedos,450.0,4352.0,1,438
8589934726,edf9320a431f41502045f83bc1308b0a,esporte_lazer,160.0,2160.0,1,2538
8589934727,edfa4e50fd451a55d8c18fb7344d2c35,esporte_lazer,300.0,3000.0,1,120
8589934728,edfad7f99606f1d6beb6de0cf0ce60fa,informatica_acessorios,250.0,2520.0,1,1101
8589934729,edfdce0d1155be85dd53074e63bb9e8b,fashion_bolsas_e_acessorios,150.0,1600.0,4,366
8589934730,edffab3eae08991a067c2c7664821661,moveis_decoracao,300.0,1056.0,1,1646
8589934731,ee02ba5de3da259a602cd51ac7e5ffd9,brinquedos,1200.0,11648.0,3,1333
8589934732,ee0324bc19887939d7d0fcfca68ee955,moveis_decoracao,2700.0,22200.0,1,306
8589934733,ee13af1ea8a18c0c1862a20778da9eb4,esporte_lazer,525.0,2592.0,1,1000
8589934734,ee14580a079d31644603ec91e37c7ed2,perfumaria,100.0,1925.0,2,144
8589934735,ee147042ac9bc25ab2ad108442bbecde,livros_tecnicos,8900.0,7590.0,1,963
8589934736,ee1bdee36babaf588660e8cfcb330199,automotivo,1850.0,23166.0,1,569
8589934737,ee22145169e4612ac54f2b9282a8047a,automotivo,750.0,7168.0,1,1911
8589934738,ee232674616de808d98d869168d6217f,esporte_lazer,300.0,4096.0,1,897
8589934739,ee2568e85817bc2c070154cec07135ac,brinquedos,400.0,18600.0,2,111
8589934740,ee294f9280db285331ad04dc2de96173,beleza_saude,347.0,3528.0,1,1807
8589934741,ee2a647f1a4639468bc1f9fa3de2263e,cool_stuff,2100.0,23265.0,1,1000
8589934742,ee2f96cb63d491d963a67285f048775a,market_place,700.0,8000.0,1,1044
8589934743,ee339563912cfcc8a006239baba4d8f3,construcao_ferramentas_construcao,1000.0,2268.0,3,822
8589934744,ee37349d258101b9d573a256d1401ff7,esporte_lazer,1996.0,26316.0,1,765
8589934745,ee385c61faaa052a8d58dc2a88b66f82,utilidades_domesticas,650.0,2160.0,2,645
8589934746,ee3cfb33869693f2a7e8417c795d8cfc,perfumaria,350.0,2200.0,1,368
8589934747,ee3e94e918d05a5da04a4cb547e91dcc,informatica_acessorios,548.0,3200.0,4,1459
8589934748,ee44bbb5a0629d88932b9b6fbadc5354,automotivo,250.0,1536.0,1,270
8589934749,ee47f3323aacfeba9e122400e5200fe5,ferramentas_jardim,3600.0,16170.0,2,304
8589934750,ee56c010c47882613d271e40703165f0,utilidades_domesticas,700.0,2880.0,1,2637
8589934751,ee57070aa3b24a06fdd0e02efd2d757d,informatica_acessorios,107.0,3211.0,1,937
8589934752,ee649ca4e5cd395d0b2ad35f3f6b7d4b,cool_stuff,942.0,9802.0,4,1657
8589934753,ee6540b34ea60c885c775fa9b52e81e3,esporte_lazer,407.0,6120.0,1,449
8589934754,ee667ef9c46d1444ebde2f0ea9c6b4c3,cama_mesa_banho,1667.0,22274.0,4,335
8589934755,ee6cf0274e75706751ecd4cd5e353db6,cool_stuff,24400.0,115872.0,4,1086
8589934756,ee7ddd73a334c7e3d03131492419d68c,pet_shop,3650.0,14976.0,3,695
8589934757,ee842d53183c77c2d2897172a82c40fc,cool_stuff,500.0,1456.0,1,2203
8589934758,ee8c064d6aa1ff4a130e616fab03e284,moveis_decoracao,10150.0,42300.0,6,928
8589934759,ee8fd939043419b2441f6000c21be00b,utilidades_domesticas,1950.0,24675.0,1,296
8589934760,ee918a5c4e95f273708c2582a5314325,relogios_presentes,267.0,2754.0,2,805
8589934761,ee92961b88199a0d4329a6beca8f63da,esporte_lazer,450.0,6125.0,2,308
8589934762,ee9bbf77fd02094848375de9fe61807c,utilidades_domesticas,1000.0,6877.0,3,1281
8589934763,ee9fa20ef71389d9840475debed60d82,cama_mesa_banho,970.0,11100.0,1,190
8589934764,ee9ff7710c74eb0f453f711fe2fd8014,brinquedos,250.0,4352.0,2,293
8589934765,eea1d0033f3735c72d0501fdc2be0437,moveis_escritorio,22900.0,130832.0,1,1274
8589934766,eeb140d5f26a24f9920969845deb6b4b,utilidades_domesticas,600.0,2304.0,2,850
8589934767,eeba3ee5aa7d1d571752248eb4c81c20,moveis_decoracao,750.0,13500.0,4,400
8589934768,eebbcb9453213a19ae0a2edc4e88c5d3,eletrodomesticos,350.0,9425.0,1,510
8589934769,eebe0f0f8b8d4e13e07a558b90e1a6dd,cama_mesa_banho,1200.0,18144.0,1,104
8589934770,eecc2c78b528d8073b4f1c4bddf92aae,informatica_acessorios,600.0,5544.0,1,377
8589934771,eed5cbd74fac3bd79b7c7ec95fa7507d,unknown,5900.0,64000.0,,
8589934772,eed87e4310f2dbbddf043552065b660e,fashion_bolsas_e_acessorios,200.0,880.0,5,430
8589934773,eedc20781b2e095ce09617ffc959e188,cama_mesa_banho,3600.0,12000.0,1,293
8589934774,eee404f099d4035b0f3e4dc374669a31,portateis_casa_forno_e_cafe,150.0,1936.0,1,194
8589934775,eee9f2330ff9789be1480d98f060a7ae,consoles_games,200.0,7500.0,1,288
8589934776,eeeb398bee794dba17f95449a7f66b5a,bebidas,1525.0,14280.0,1,498
8589934777,eef3286d1162cb7eb46becab2a5aa884,brinquedos,200.0,8008.0,1,404
8589934778,eefb750a45a4ba505ffd4813ecaf2b18,moveis_sala,2000.0,4940.0,2,1054
8589934779,ef0045bdfc1b559c7695588c4bc324a3,malas_acessorios,850.0,16200.0,1,476
8589934780,ef153414d98782a711939e8fa3dc89ea,utilidades_domesticas,950.0,21000.0,3,1119
8589934781,ef1c1ac9af94321c7af51e984279cb6b,construcao_ferramentas_construcao,14900.0,69120.0,6,138
8589934782,ef1c671d636510846d72e7aa3af1e0a5,telefonia,300.0,816.0,4,220
8589934783,ef226f256d9c1986ee2d02ff216b15c3,instrumentos_musicais,1500.0,7500.0,5,940
8589934784,ef25f91f23e39577fa6ddf93103876b1,papelaria,5350.0,31920.0,3,317
8589934785,ef2fb3a493929907466587fecb5611e2,cool_stuff,567.0,16065.0,1,195
8589934786,ef335a744a67679ed37e8698353dfc95,unknown,3000.0,13500.0,,
8589934787,ef34878717e7759a53c99550100ea1ec,moveis_decoracao,2400.0,2268.0,1,812
8589934788,ef38b8a82331e59ba97285e7f531f641,informatica_acessorios,4450.0,8303.0,5,312
8589934789,ef39cf023d189c27d7387a44e89e0c17,utilidades_domesticas,50.0,3960.0,2,1005
8589934790,ef43ce667e1a98728fd045dce7162c86,fashion_roupa_feminina,700.0,4800.0,2,509
8589934791,ef4540657d5c1a50e8d348744f563d05,esporte_lazer,1800.0,75000.0,1,2615
8589934792,ef4d462089a7f98d6235d3f98ee2dadd,moveis_decoracao,300.0,9600.0,1,646
8589934793,ef59185c3acc6f127418c82873215194,cama_mesa_banho,1600.0,16632.0,1,413
8589934794,ef59f328cef34c7b309bb12e86b6418b,automotivo,3250.0,11440.0,1,569
8589934795,ef5ad80d84199def6971cac1eec1bd0e,beleza_saude,2700.0,33189.0,2,707
8589934796,ef5d149e671d0d67a962eceb26d972c8,unknown,200.0,640.0,,
8589934797,ef61c4fb4f364316676e231990ac97e0,esporte_lazer,2550.0,22707.0,1,729
8589934798,ef61e93a7d0d8843a965440649bc0711,artes,1700.0,20000.0,2,177
8589934799,ef703385b2707af7f9af3e185679811c,cama_mesa_banho,1000.0,12096.0,1,324
8589934800,ef752dd2f6410ce702377d573caf5e65,sinalizacao_e_seguranca,200.0,9375.0,4,1909
8589934801,ef7f9080df1ef631941928033aa7b515,papelaria,100.0,2352.0,1,74
8589934802,ef8856db4e302ad33dc4d91e40f7593c,esporte_lazer,1350.0,14350.0,2,531
8589934803,ef89d382c9cfdda69f4da6f5873c5eb1,utilidades_domesticas,850.0,7920.0,2,65
8589934804,ef9ae4fb9a9005e8e463cc2616084276,esporte_lazer,9000.0,35420.0,2,730
8589934805,ef9f0516d07f695fa0eae9a8169c8fdc,beleza_saude,250.0,990.0,1,803
8589934806,efa490145b5cc82438b6a6de691535fa,informatica_acessorios,500.0,3300.0,2,938
8589934807,efa8552bedf9407db4b7b26dd5a84d88,cool_stuff,650.0,8400.0,3,696
8589934808,efa9bf5559d026b9872259f29b7304dc,utilidades_domesticas,8850.0,53070.0,1,330
8589934809,efaadc79a826a716708034fba428f44e,brinquedos,2975.0,61446.0,3,263
8589934810,efad749f1311a53b69d30ceed3baa52a,informatica_acessorios,200.0,3861.0,1,1226
8589934811,efaee69dc1718675b7e89a537cd0ad89,relogios_presentes,1725.0,2268.0,2,402
8589934812,efb23bb2d728864f9d7d3cdad802ca87,automotivo,2950.0,18000.0,2,292
8589934813,efce3fae189352dae985bc199c030d93,cama_mesa_banho,7550.0,28800.0,1,326
8589934814,efd750dd2fc958a06d84d97bbc7056af,bebes,700.0,2240.0,3,1102
8589934815,efd7af8312533d58ccb5ac26304dd3d5,automotivo,220.0,2080.0,3,294
8589934816,efd9689d6ae4ee9111b9b9f8b0f87f12,climatizacao,15400.0,84816.0,1,1285
8589934817,efe4838ca7d6540e8fa0ea4cf5660b46,papelaria,1100.0,9100.0,5,1247
8589934818,efe572a7ee9cf0317bbcd4ec8b98a088,ferramentas_jardim,825.0,18018.0,5,488
8589934819,efea073f60eaa399daf907a712f18a85,cama_mesa_banho,900.0,4176.0,1,663
8589934820,efeaa7462b9fac16b6684016efd28fd2,pet_shop,1075.0,8000.0,4,870
8589934821,efeb7b23db334d617250aca97cd3f1e8,cama_mesa_banho,1500.0,9000.0,1,404
8589934822,eff40981f3d4639fb50c5dd51ac00d7a,cama_mesa_banho,623.0,6510.0,2,393
8589934823,eff955ba97941dc6837a770367d66944,moveis_decoracao,1100.0,9504.0,4,717
8589934824,effa78286556d5e79cda2b4aba96a534,brinquedos,700.0,18600.0,5,190
8589934825,f00994e2f3a249eaa0d8b57ca53f6f13,automotivo,6850.0,12480.0,5,651
8589934826,f00b39a2c66d045f07fdfe7d8ddc4ed9,eletrodomesticos,200.0,5967.0,1,187
8589934827,f00cc56c5df0c63515f85365d418e199,pet_shop,300.0,4096.0,2,372
8589934828,f00f7669eb9a3712d500fe96759bb02b,ferramentas_jardim,1700.0,4154.0,3,172
8589934829,f014ea8c6c04cc78a9e70319e351dc4b,utilidades_domesticas,1050.0,17576.0,1,202
8589934830,f017f439ad87e9501378bd226f2ce26e,fashion_bolsas_e_acessorios,600.0,1936.0,3,386
8589934831,f020db7bfbac6214f8dc51b753800c5e,construcao_ferramentas_construcao,3250.0,6859.0,1,740
8589934832,f0290bc56bf94b187683c02b638c181f,cama_mesa_banho,1650.0,2560.0,1,406
8589934833,f0354861ab19941a53209c2acbb1b604,brinquedos,1007.0,19602.0,1,546
8589934834,f03db1ea02e265f0f1a5ae2a5e0984a7,cama_mesa_banho,1200.0,18000.0,1,729
8589934835,f03e2584cfc057f8bf76bf5683955585,brinquedos,150.0,3696.0,2,1338
8589934836,f0424e66b65e73c95273f64fa036f3f5,utilidades_domesticas,8600.0,34048.0,2,409
8589934837,f0453e2cbc3480959c34ab663b44c777,malas_acessorios,250.0,1200.0,2,297
8589934838,f045dc40e1d54d2f70286e4cbb07a357,casa_construcao,550.0,7514.0,5,898
8589934839,f04f09b39a48c368840aae6eb3803305,moveis_decoracao,300.0,2268.0,3,919
8589934840,f05159152e8d116081d78d5d1f11b062,beleza_saude,200.0,6000.0,1,550
8589934841,f05360c6dc6802b210e182b40509fd15,esporte_lazer,283.0,4608.0,1,345
8589934842,f06059b7624d79f0c063e5d45bffcafa,esporte_lazer,1700.0,4608.0,1,1219
8589934843,f06301dd6d54c3e4300920991f2af380,cama_mesa_banho,700.0,12800.0,2,444
8589934844,f06796447de379a26dde5fcac6a1a2f7,moveis_decoracao,11400.0,16224.0,3,383
8589934845,f068148c48720c66b21825e2c558d493,beleza_saude,200.0,1056.0,1,3281
8589934846,f06eacf8d7279dfb3018a75f7ce08840,automotivo,900.0,10752.0,2,561
8589934847,f06f8cd7e0dd398f827c366664e972f1,perfumaria,400.0,3888.0,1,702
8589934848,f0737b524fe6b57f2ad4f174ce23a62c,esporte_lazer,12600.0,4000.0,1,1440
8589934849,f075897551d47345068c1d90ed454fe1,agro_industria_e_comercio,6820.0,102060.0,1,948
8589934850,f07c770a1f1628deda545e01082a0d6d,beleza_saude,599.0,2240.0,1,1014
8589934851,f07dfd51b27ae763526ca43745920b7d,cama_mesa_banho,175.0,1794.0,2,578
8589934852,f07ef9dd6e2d9a366ff30a25e210be70,telefonia_fixa,900.0,8000.0,2,1021
8589934853,f08d78a6e7eecc6f3f51fad33ce7be1b,beleza_saude,1454.0,4788.0,1,1454
8589934854,f08d9c15742df022236141f83e0a8a22,beleza_saude,1267.0,7866.0,1,271
8589934855,f0978bc4bcd57a1f2079015178b73cad,esporte_lazer,700.0,18000.0,2,1275
8589934856,f09b7fd613031e630e7b5cf9911c0318,papelaria,6350.0,31920.0,4,354
8589934857,f09df9cb1beab8b8d5aacb6a51934d13,ferramentas_jardim,360.0,2352.0,2,369
8589934858,f09e13fe0ac1c5524c93e59ed3a4eaac,telefonia,552.0,2016.0,3,1539
8589934859,f0a5096279c53570c100d835b780956b,esporte_lazer,313.0,3360.0,1,845
8589934860,f0a7113644fce6d200240a1d0dba2b9b,esporte_lazer,1500.0,4400.0,2,464
8589934861,f0a8b25a0a4f80f60eed4e1fdc3d477c,beleza_saude,1450.0,28272.0,2,374
8589934862,f0b3ceddcb44ad6d8fa4a3453686e693,relogios_presentes,500.0,6400.0,1,426
8589934863,f0bb82bede57b520480ce892667bb71d,construcao_ferramentas_iluminacao,700.0,7680.0,1,305
8589934864,f0bc0aed23d451f89495f7650d81e244,beleza_saude,900.0,3450.0,2,124
8589934865,f0bdec4f1c899ce1258888fa9d6db7d0,cama_mesa_banho,2700.0,46746.0,1,281
8589934866,f0d56a1df2c0a7a756d7e4352cdcc8f0,ferramentas_jardim,2300.0,5494.0,3,147
8589934867,f0e1372ab5cfef5ea974b45e419851cb,ferramentas_jardim,1400.0,6270.0,3,866
8589934868,f0e9e463279266cdbe14661227cab9e5,utilidades_domesticas,6000.0,66600.0,2,1520
8589934869,f0ea71b6e2ab4cb3bd8f5ba522a25a56,unknown,1300.0,18000.0,,
8589934870,f0effb9347ed5787c680f4c756f0bbdb,papelaria,462.0,3276.0,1,852
8589934871,f0f2af23f970208fe4132a77aca3c63f,climatizacao,6400.0,37400.0,2,660
8589934872,f0f3c686ec837b27ec9da08762d85317,automotivo,200.0,26250.0,2,353
8589934873,f0f464c1300173b9ed4aeacf16840936,malas_acessorios,550.0,4800.0,4,340
8589934874,f0f9486bd96130088e93b7a3b3c08ebc,livros_interesse_geral,110.0,4356.0,1,1255
8589934875,f0fad8c5dfa2549bff0ca38e82823cf5,instrumentos_musicais,767.0,1428.0,1,650
8589934876,f0fd2799d9eb02ccb6efa890519a6c4d,moveis_decoracao,5200.0,108000.0,1,456
8589934877,f0fd7f1ed92a4c17fd392ba0a5001278,climatizacao,200.0,2080.0,1,200
8589934878,f0fe4af158ebc28426b794c0b54d3df1,beleza_saude,2200.0,5100.0,1,1471
8589934879,f102842fbe436027eeeb7fc76d3063aa,consoles_games,350.0,8000.0,3,434
8589934880,f105318b219b352b992001c976c847b1,fashion_bolsas_e_acessorios,250.0,3300.0,1,679
8589934881,f107bcdf49e25fab8c0b66fbabb97fc1,construcao_ferramentas_construcao,400.0,2176.0,2,1007
8589934882,f109f04ad95889f2f041a91afe3d894e,beleza_saude,2033.0,4488.0,1,189
8589934883,f10a869cdfe48a282e6dc920da718e9e,beleza_saude,700.0,4845.0,1,183
8589934884,f111bc943c81722e3b96cb1d089026fb,automotivo,3300.0,40625.0,2,925
8589934885,f11d6bc6c73bf0326ae129cb88ca04c4,brinquedos,300.0,1734.0,1,960
8589934886,f1262e6654054656c38563755bce3976,perfumaria,150.0,1428.0,1,276
8589934887,f128effc5b8e4d1f23069c06f855643a,pet_shop,110.0,64000.0,1,1017
8589934888,f12a26f5ddd49ba9e1bf0ec9d0239326,beleza_saude,250.0,1600.0,2,229
8589934889,f130542b9dab05d4540ba00f35f0880f,fashion_roupa_masculina,300.0,352.0,2,694
8589934890,f132b7df45fae1b7f60550c5ae81aa57,moveis_decoracao,250.0,2268.0,3,929
8589934891,f1443bfa1e4eadc787b25d959f21163b,esporte_lazer,200.0,1760.0,4,728
8589934892,f14aa2ba817ef24ccf7f99c0ccfab59a,relogios_presentes,263.0,4320.0,1,610
8589934893,f14c1f6cf5ba04ba0a6f52c763a6b7a9,utilidades_domesticas,3900.0,8320.0,4,1734
8589934894,f14d112d3db74fc2977850a25cab3d5d,beleza_saude,150.0,4000.0,2,642
8589934895,f15001dbfd82abd749d8a0b104c367ed,bebes,200.0,3000.0,1,1469
8589934896,f152b09d0630df240acc7c63009e814d,utilidades_domesticas,9950.0,28000.0,1,153
8589934897,f157fd58a4c0909428c6a06675bdde11,utilidades_domesticas,1150.0,27000.0,1,624
8589934898,f159439c5c382fae366d444e05c590c1,perfumaria,400.0,3888.0,1,365
8589934899,f15d45335c602ddabad8579eb1d8e84f,telefonia,350.0,816.0,2,539
8589934900,f16129eac8470e4e6d0e40033ebc5250,cama_mesa_banho,683.0,10290.0,1,470
8589934901,f16ced867a24a244afefb5b867f337df,fashion_bolsas_e_acessorios,13600.0,62400.0,2,487
8589934902,f16e5b7883c1349e57bc5e92ba9e0d96,moveis_decoracao,350.0,1600.0,5,94
8589934903,f177b434709ecb652dbee4f4b19aef2f,fashion_bolsas_e_acessorios,200.0,4096.0,5,197
8589934904,f179cb33bf416c1b0e9e7aa745d2f6fe,informatica_acessorios,250.0,1344.0,4,252
8589934905,f179d569401e7aea68f5b8c64367c796,esporte_lazer,4450.0,45000.0,5,1219
8589934906,f1800c2171d139e7a2a8ea2fed324eaf,telefonia,117.0,792.0,1,423
8589934907,f18b93fa1044028aa85eb5a0b3ac236a,moveis_decoracao,1150.0,18000.0,5,322
8589934908,f18e94c9042a09a45c22444e432c0fe5,esporte_lazer,400.0,11466.0,1,493
8589934909,f18f40e6344e72cfd537f21d9745e8cc,moveis_decoracao,30000.0,277550.0,1,877
8589934910,f195a8ce7489c4c4fe613ef84d8dd7a6,beleza_saude,500.0,8694.0,5,788
8589934911,f19d1f3b037970f5f9f1f3dad8e8287b,eletrodomesticos,11200.0,5508.0,1,240
8589934912,f1a460cda5a4029c150531586e8bc024,telefonia,100.0,2100.0,2,665
8589934913,f1a48f0ff1d54ce67d50bebc7e47ca96,eletroportateis,800.0,9000.0,1,702
8589934914,f1a7551730e920950fb0346630971099,esporte_lazer,1800.0,14280.0,4,1200
8589934915,f1b1c272713f21efd25aec03865dffe3,moveis_decoracao,600.0,4692.0,4,713
8589934916,f1bc55c22d7212dbec2c6d63e38f577e,pet_shop,450.0,6800.0,1,484
8589934917,f1c44a4cc70e40d42dd98ac28b60d08b,bebidas,140.0,4830.0,3,1835
8589934918,f1c63584865d7d4f292a49a10f238c9b,automotivo,1883.0,72171.0,2,40
8589934919,f1cf1f7cd5a15a0805ed75df40b002a0,fashion_bolsas_e_acessorios,200.0,1232.0,1,170
8589934920,f1d0ef439f9f2246803f89f1005ff709,cool_stuff,3833.0,11340.0,2,466
8589934921,f1da618218e0af87b633532b561f5e6d,esporte_lazer,767.0,4352.0,1,1406
8589934922,f1de94230ae234a2f348835b969eeab1,beleza_saude,1550.0,2800.0,1,850
8589934923,f1e0c91e748d3ddfb2728c51078c2b08,cama_mesa_banho,200.0,12000.0,1,330
8589934924,f1e258360f5eb6a99119bb6febde40fd,fashion_calcados,1900.0,21312.0,3,344
8589934925,f1e60c5b5f15ae0c91d490abe6c03bf2,malas_acessorios,600.0,4896.0,1,244
8589934926,f1f01d27cb8664e16d57ef4a8075f3be,esporte_lazer,4175.0,27621.0,2,615
8589934927,f1f0860095cfa6521eb73bd997599888,moveis_escritorio,15200.0,94192.0,1,2245
8589934928,f1f762d742a61bd111909093655c621d,beleza_saude,700.0,5832.0,1,119
8589934929,f1f8a9e252e1f78ae6022bb2d40c392f,cama_mesa_banho,1100.0,4608.0,3,298
8589934930,f1f90547cd55861d02c56010c10fa8a5,moveis_decoracao,7500.0,66082.0,1,571
8589934931,f201c94e7d8aa11b6ab049d69730309d,utilidades_domesticas,2410.0,34375.0,1,339
8589934932,f205a345ee16cad441a50241e820286b,automotivo,5500.0,14664.0,5,651
8589934933,f209a7348b00e6af70f314bbcd31ef31,esporte_lazer,3510.0,30912.0,1,972
8589934934,f20d17c5697e45b09853253384f0c583,utilidades_domesticas,700.0,2375.0,3,291
8589934935,f20e2a3811156fe0a12b4cd5c3638195,cool_stuff,200.0,1936.0,2,452
8589934936,f216457c32ee07732482741ca33128c6,livros_interesse_geral,400.0,2808.0,1,921
8589934937,f21799537eed0668347f55d5c1dfda03,automotivo,5000.0,20539.0,6,695
8589934938,f21e1de90419150c02ace62c23ed2a7d,esporte_lazer,120.0,1536.0,1,191
8589934939,f22ccf28078d6ba8961033bc6a20bc12,unknown,1500.0,10800.0,,
8589934940,f2317e7dd5b1b4dea36595ff6db6f14b,unknown,500.0,1463.0,,
8589934941,f236d6f238239abfba8268f427d07c33,beleza_saude,3000.0,5760.0,1,538
8589934942,f23cdc558b71542ad82b3b7722248ac6,brinquedos,400.0,816.0,1,1102
8589934943,f23d24b737a58861ed576d2128c439e4,cama_mesa_banho,1800.0,32000.0,1,597
8589934944,f23f6c4bbac2fbae03b381189d50296b,cama_mesa_banho,600.0,28000.0,2,183
8589934945,f251b1f9c5b04284fc1ed9b5dc4169f3,esporte_lazer,1450.0,25200.0,3,1253
8589934946,f2533dc1eb7dca7f684254fbfa98caf8,cama_mesa_banho,2500.0,12000.0,1,293
8589934947,f264c1d9b20b5e4a340254d0405e613b,cool_stuff,1050.0,15750.0,1,874
8589934948,f268298baf71005ba24a9c97a4964a7e,cama_mesa_banho,800.0,10626.0,2,1219
8589934949,f27aff266ad97e75d4a24c893b2c311e,eletrodomesticos_2,8850.0,51975.0,6,1345
8589934950,f27f3e8b4b3836e4d6cd756dfb83e750,esporte_lazer,550.0,8736.0,2,1322
8589934951,f28498bb062a90c71f4579ce18b5f6f8,perfumaria,200.0,3840.0,1,55
8589934952,f285eba83f21f018d6cf58aceb1a8285,moveis_decoracao,5900.0,49608.0,1,1052
8589934953,f2890c4d40c6794ce51e525c1ec37660,eletronicos,5100.0,17500.0,2,1925
8589934954,f28cbd414cd06f1ae84065c8dd8be834,esporte_lazer,700.0,3840.0,1,806
8589934955,f292ca832e0400809217dc0478a31650,perfumaria,100.0,1944.0,2,707
8589934956,f293514e0176006f3af40d473cf24a1e,informatica_acessorios,188.0,2112.0,1,630
8589934957,f29675e9d91d8e0451ced31708497904,bebes,6200.0,49000.0,1,1271
8589934958,f2a4a74038882bf1adc8a466962559ec,moveis_decoracao,600.0,6250.0,4,238
8589934959,f2a76781f22caf64ef56f2c87889e12a,bebes,700.0,10000.0,5,848
8589934960,f2a949f938c95d18433bebfb12afe395,automotivo,650.0,6048.0,3,1657
8589934961,f2af004352a06a99dca765596240cbc3,beleza_saude,100.0,2175.0,4,1054
8589934962,f2b264b1a4602b87d64eebefc899c1d0,ferramentas_jardim,1000.0,13500.0,2,790
8589934963,f2bcc887769f563eb4f126389e64715a,cama_mesa_banho,700.0,6615.0,1,207
8589934964,f2bd7bc9616070cc15853ce61ab8c826,esporte_lazer,12250.0,11250.0,1,2312
8589934965,f2d15dbc857e5597dbe82236c424cd79,esporte_lazer,1650.0,24000.0,2,375
8589934966,f2d362fbb792bbe0233ab254111eca4e,beleza_saude,800.0,19380.0,2,811
8589934967,f2d649f157cebee085ed738f23d5d6b7,bebes,350.0,4608.0,1,596
8589934968,f2e2678188e0f3bc983dd3935f69b746,automotivo,13900.0,64000.0,1,620
8589934969,f2e9bb932d99a4a695ebde162fcefc35,moveis_decoracao,1750.0,24000.0,4,143
8589934970,f2ed77847f3b2e104b246bef65f15d0c,cama_mesa_banho,1940.0,8816.0,1,663
8589934971,f2ee381460f893efb6f459e95cd57695,fashion_bolsas_e_acessorios,200.0,1408.0,1,180
8589934972,f2f6433af969cd131435a2b163d5af96,dvds_blu_ray,200.0,560.0,1,1219
8589934973,f303e2cdf0967ef1a153d12f2685d280,cama_mesa_banho,1400.0,6250.0,1,262
8589934974,f306d4917efd6c5a46bbb72b640313da,bebes,425.0,8075.0,3,759
8589934975,f30a908aadfed5d9edd5619eef796819,cama_mesa_banho,1650.0,6960.0,1,215
8589934976,f320d436d02e0ada8609c458037f61ea,agro_industria_e_comercio,5000.0,11900.0,5,2444
8589934977,f320ef0dbc98273d30835e696974e719,eletronicos,400.0,9600.0,2,1922
8589934978,f32941d7c00c56b8d7a3723c8ebb4be5,esporte_lazer,22700.0,69120.0,1,1277
8589934979,f33a17471b6e603085c4a0ccd48ce19a,moveis_decoracao,3000.0,8349.0,2,2434
8589934980,f3412532ea4da687eaa6943639812bc3,fraldas_higiene,700.0,7105.0,8,1151
8589934981,f343690217692891e7a092d5c1e5eef7,beleza_saude,250.0,2816.0,2,344
8589934982,f3456a2585f6774a74e39abccf24a9b0,beleza_saude,100.0,4500.0,1,121
8589934983,f348ae21168771dfd5b8081e387b4f6b,utilidades_domesticas,250.0,3750.0,3,340
8589934984,f35013cb05a9538a4428fa6161b2c96b,cama_mesa_banho,1275.0,7429.0,1,680
8589934985,f350db8fa8baef574660ca4ecc96180f,eletronicos,900.0,6656.0,1,739
8589934986,f353779abb6114db5f8f79fbad12e375,utilidades_domesticas,4000.0,13248.0,2,3771
8589934987,f355d2acaeb178b14ae4d780ec41e1b1,perfumaria,125.0,2856.0,2,577
8589934988,f35aa9afd2173519c54e97c6b28a52c7,perfumaria,300.0,3332.0,1,259
8589934989,f3720bc68555b1bff49b9ffd41b017ac,informatica_acessorios,867.0,7650.0,1,274
8589934990,f37d4bcbd21078ef36fd59518e99f045,informatica_acessorios,1025.0,5376.0,1,673
8589934991,f382fd2265b83e4c7689c1a6dbf74ac6,esporte_lazer,2700.0,14663.0,3,176
8589934992,f38475d619e1481e8c2a3a863be6f49e,moveis_decoracao,11100.0,71346.0,3,493
8589934993,f38b966670d58abe147f913bbf9a7ad1,cama_mesa_banho,6700.0,40000.0,2,497
8589934994,f390882d834eed84766218994ee9a511,esporte_lazer,525.0,12167.0,1,392
8589934995,f39288f58793ce5e6985b3f7832af88c,fashion_calcados,300.0,3248.0,12,303
8589934996,f3979f97b4913d696bbe9c7c425c5e4e,bebes,18667.0,165088.0,3,654
8589934997,f398dcfdd7c7e5933e300b4a3c82ae6b,telefonia,400.0,3872.0,2,823
8589934998,f399bbedb1d21192dffefc4a8b30a229,utilidades_domesticas,5300.0,31500.0,1,614
8589934999,f39d173b39667dbc8a170145b8035ae2,ferramentas_jardim,1550.0,4263.0,4,1937
8589935000,f39e720d7174b473f81e8a7103e562fb,papelaria,1600.0,21600.0,1,226
8589935001,f3a1a865ba61412ac17ab53f1a9c0082,telefonia,50.0,3872.0,2,823
8589935002,f3a67aed340d9b5f218c2d177cc720e3,relogios_presentes,420.0,1755.0,3,467
8589935003,f3ae4ce1b63810f2921ff353ddbec67d,moveis_decoracao,850.0,14375.0,5,198
8589935004,f3b5bbdfd20be94cc96583501d2819ce,beleza_saude,400.0,5100.0,1,1572
8589935005,f3bc8b0c346a5171a82585b880ba6f29,dvds_blu_ray,200.0,560.0,1,886
8589935006,f3c2725b2c9d0ebe936dd613b3984688,cama_mesa_banho,1250.0,8000.0,1,704
8589935007,f3c2c2578c46d659b7940e784319413e,fashion_roupa_masculina,800.0,2800.0,4,162
8589935008,f3c2d01a84c947b078e32bbef0718962,telefonia,700.0,1250.0,1,381
8589935009,f3c39c81e52f6b07a486fb78d90dbfef,brinquedos,2000.0,14664.0,3,1591
8589935010,f3c62fde9d2e2acf6c7c46648571c070,consoles_games,150.0,3960.0,1,642
8589935011,f3ce47ccf98da2906f6b8b1387618e07,utilidades_domesticas,10250.0,61250.0,1,987
8589935012,f3d786d97bcacbff8312cf48b52a6062,casa_conforto,250.0,3072.0,1,546
8589935013,f3db6d0af0fba45a583881e07a903bf4,ferramentas_jardim,300.0,6000.0,6,393
8589935014,f3dc2177cd7a26726dd80204c34dbb48,moveis_sala,5150.0,24840.0,2,247
8589935015,f3e5c2a78b72fdc48a7c2559ff7dbbd5,bebidas,1600.0,15625.0,1,542
8589935016,f3f12eabcd090650146791b249f48880,esporte_lazer,21500.0,269892.0,2,497
8589935017,f3fad6d734fb27bf8a548562e04f9a5e,cama_mesa_banho,1350.0,7429.0,1,675
8589935018,f3fddc967610429e8ee3cf2d089817bf,utilidades_domesticas,150.0,2592.0,1,137
8589935019,f3ff1b0df51e4b86a6dc168c8bfe7dc9,moveis_decoracao,1650.0,23625.0,1,394
8589935020,f40136f242faf929007cdb238c302208,eletronicos,150.0,2800.0,1,400
8589935021,f405ca375ecf0c43fd547ed766df66cc,informatica_acessorios,813.0,6930.0,1,274
8589935022,f40876e0ef3cd5f9132b1f16b04b1346,beleza_saude,427.0,3570.0,1,250
8589935023,f418649d11303fb6fcde71c9133f2ecc,utilidades_domesticas,1400.0,27000.0,1,394
8589935024,f41a6dc6692a3c5c21769881b158de3e,beleza_saude,200.0,4845.0,1,434
8589935025,f41b320ee2aceb9f8aed915e294e6b4c,relogios_presentes,132.0,2210.0,2,473
8589935026,f42892b40225227fe465626ff509a92e,casa_conforto,1750.0,23625.0,1,335
8589935027,f42a421aee7e5f8a70a9b68cfd53ef55,eletronicos,350.0,612.0,2,317
8589935028,f42b9984802c040f88ec840b26681c94,brinquedos,500.0,4950.0,1,761
8589935029,f4351f9cf9973a12b18474a9c44238a5,utilidades_domesticas,1600.0,14000.0,2,462
8589935030,f4387cd405b21509803344d044ac2c3c,relogios_presentes,350.0,1936.0,2,581
8589935031,f43ac43eb75aca4dac0ce5671b5facb5,beleza_saude,150.0,3000.0,2,751
8589935032,f43d8c92c915b3b6974ff58ed1f4d996,esporte_lazer,300.0,2904.0,1,632
8589935033,f4549b2e55d1e8cffa9e8ae43fb5d040,moveis_decoracao,14550.0,67500.0,1,735
8589935034,f4562f701031e9ead90f426761bed162,ferramentas_jardim,2100.0,13500.0,3,1314
8589935035,f45cf520fba787f057d57c5c8138668f,utilidades_domesticas,6100.0,36859.0,4,1582
8589935036,f45fb880d81ab0eb6ffc1f6f3edc3f59,utilidades_domesticas,450.0,4000.0,1,897
8589935037,f4685661dba7a38783007afb3e5fe8ac,bebes,400.0,8874.0,2,737
8589935038,f471a2281d25a1dbf3193dd5e969aa0f,pet_shop,400.0,960.0,4,555
8589935039,f47a59657acd7239633ace1a5bd79551,beleza_saude,150.0,3000.0,2,934
8589935040,f47e9f620b8d76081a0b6ef6ffd5481b,esporte_lazer,1100.0,10648.0,1,602
8589935041,f486b2e5c945f3261655ae0bcbf92855,esporte_lazer,200.0,9261.0,1,767
8589935042,f487b1c4ef5ac6ad6d09b6f1426fb6f0,utilidades_domesticas,1600.0,16058.0,1,331
8589935043,f489f20b3bba5b295fa7d3901c203fce,moveis_decoracao,367.0,5250.0,2,566
8589935044,f48d34d7fa5828bde48c15d602f26aa7,moveis_decoracao,3000.0,22304.0,11,233
8589935045,f4938e02188d323c8412d2ea07d230e4,perfumaria,3733.0,17226.0,1,182
8589935046,f494b6e2b8bd806b45b117992c959a8a,utilidades_domesticas,1250.0,11760.0,5,485
8589935047,f495f61bdd34742ab23c7fabab99323a,consoles_games,300.0,2352.0,6,951
8589935048,f497ba62f1d6b4f6a3a3266fa8623ad3,beleza_saude,83.0,1248.0,1,1276
8589935049,f4a2e2f1cf569d9cee134511bdd0f969,informatica_acessorios,350.0,1408.0,1,171
8589935050,f4a38926843e01497a3f63a5d5740c72,eletronicos,150.0,4862.0,1,375
8589935051,f4a53b6154c996879ab3efb88b2af77e,telefonia_fixa,150.0,704.0,3,332
8589935052,f4a7e46e69d1cdaa02f1e04a77c413b3,informatica_acessorios,100.0,1638.0,2,702
8589935053,f4a9b2ee7355882bd41e1bf5126cf56a,fashion_bolsas_e_acessorios,200.0,352.0,1,768
8589935054,f4b3b257580c1430e51d71dd731273c2,moveis_colchao_e_estofado,28300.0,64400.0,1,809
8589935055,f4b9c879eda44418e4df17af2723d04d,utilidades_domesticas,400.0,3094.0,1,1643
8589935056,f4c3e41f8c0ac64d1be09e1b92327ac0,construcao_ferramentas_construcao,8525.0,7569.0,1,339
8589935057,f4c9a2926d5a2fe099ebbe7d0967bd37,fashion_bolsas_e_acessorios,300.0,3168.0,5,525
8589935058,f4cd1164757f2f82e7f949e9ba129664,casa_conforto,800.0,8000.0,1,486
8589935059,f4d450a6163f21cf9db8bcdf8c7e50f8,moveis_escritorio,12125.0,97498.0,2,92
8589935060,f4e2ea6624e03c8734a6504f2d55331f,relogios_presentes,175.0,5292.0,1,2711
8589935061,f4ebaa462d32c66438985245a9deb62d,utilidades_domesticas,3300.0,24276.0,4,2774
8589935062,f4efad625ed5878a2e7589dfb31c747f,moveis_decoracao,16200.0,52650.0,1,622
8589935063,f4f13035436c9678ca32d0130c0cdbc2,cama_mesa_banho,500.0,8400.0,1,317
8589935064,f4f63288f5e6ff5cb8262bdfb626c85a,automotivo,5888.0,6912.0,1,915
8589935065,f4fb1fcc46bdd61b314fe0292175e5db,cool_stuff,850.0,27588.0,1,270
8589935066,f50038f8fae2efed02781cfcb79122d5,cama_mesa_banho,1150.0,2560.0,3,641
8589935067,f5043f8b770cb875d3157ec66f8a9dd3,telefonia,125.0,836.0,3,501
8589935068,f50c70e94e7b173b135c3cab35201f37,relogios_presentes,2850.0,68880.0,2,975
8589935069,f50df3b65ee30912ca3e462971e1334f,informatica_acessorios,700.0,5320.0,2,870
8589935070,f50df9b142a624bf4c4d8495489a207e,brinquedos,600.0,11500.0,1,804
8589935071,f5156ca9a225d3e26c8fa66210808c37,consoles_games,250.0,912.0,1,486
8589935072,f516645f81debe9cff9416a20662dc43,cool_stuff,125.0,4352.0,1,2120
8589935073,f5195736fa7a5ef076d923c03675184a,automotivo,8450.0,50625.0,1,527
8589935074,f51bda33ab6008cea43d2be021b866c4,moveis_decoracao,600.0,30000.0,1,285
8589935075,f522bb1400b17373f48c625ccdcb3a13,ferramentas_jardim,11600.0,19240.0,1,396
8589935076,f5287cac0d71b68c9cbf57fe0e19181e,automotivo,2800.0,21945.0,1,199
8589935077,f52bf37e391284aa9620c377d4dfe4e2,dvds_blu_ray,150.0,560.0,1,694
8589935078,f53103a77d9cf245e579ea37e5ec51f0,cama_mesa_banho,500.0,2560.0,1,206
8589935079,f536371e47a14910aeaa783edff843c6,automotivo,1200.0,6000.0,1,327
8589935080,f538ab9eecaa662135da8cb772bc8236,unknown,1100.0,9600.0,,
8589935081,f538d01bc771eed83997a9e729627b73,bebes,100.0,1408.0,2,796
8589935082,f53a077215882abdadf48e4c84f81b80,cool_stuff,2483.0,64872.0,3,1831
8589935083,f545f84233a92063e33a7539832b63c7,beleza_saude,775.0,3510.0,1,509
8589935084,f547017386361b9e31600b92246e817e,informatica_acessorios,200.0,2400.0,3,169
8589935085,f55685df4cdbceeecfefb0c45aded1bc,brinquedos,1200.0,24000.0,3,923
8589935086,f55802700c4c3a9dbf1a99967bc9e655,automotivo,4300.0,28050.0,1,2031
8589935087,f5631d616c09c9460e248cb5d27909b0,utilidades_domesticas,3350.0,10608.0,1,972
8589935088,f565767fe2205fbf1e7c0d1c2fc5773b,papelaria,1100.0,15000.0,3,132
8589935089,f5658e149ba52ed798f5c8d00c038a7c,relogios_presentes,300.0,3520.0,2,761
8589935090,f56596f8f7191441f17b1a1fbfe37a75,brinquedos,575.0,7820.0,2,195
8589935091,f5662ef809d3a6f3f5b0dc551aaa819a,cama_mesa_banho,22200.0,102144.0,2,414
8589935092,f567d4c09e85e4faf20f896b363fb827,esporte_lazer,200.0,2352.0,1,2032
8589935093,f5765f6aff97015236abc132d8983b89,moveis_decoracao,300.0,9600.0,1,646
8589935094,f576b52ac16acd49c1c3dc82ca1e792e,malas_acessorios,500.0,29376.0,1,299
8589935095,f5790565f09ac993cd58c68bc58c2daa,moveis_decoracao,600.0,6000.0,1,849
8589935096,f57d7420f086c47b2fda2115ecfbd2c9,ferramentas_jardim,1000.0,6400.0,1,305
8589935097,f58749565f856133a556122fbb08784b,telefonia,325.0,3402.0,1,749
8589935098,f5878588566e438fc92fbe0cc38d4cac,cama_mesa_banho,5850.0,48552.0,1,275
8589935099,f58ba49c5634ca1ef2ad765ebc1110cc,automotivo,1550.0,15840.0,5,689
8589935100,f58ee92194f9b169efef9364f892f9c4,automotivo,10500.0,59150.0,1,809
8589935101,f58fad95d21fded399cd9a1afec793e6,beleza_saude,350.0,35409.0,2,384
8589935102,f5980f601cc5c58c4fd5dafc2e8b10c5,beleza_saude,1300.0,4096.0,1,841
8589935103,f59871b3d9da4c64cbe41ad3dd04dc14,artigos_de_natal,400.0,3927.0,3,565
8589935104,f59941a5cc5ec87593e49a0d49e788f2,informatica_acessorios,100.0,1408.0,1,144
8589935105,f59ff3f667dc8dc2b42117736585c1ba,automotivo,100.0,1584.0,5,424
8589935106,f5a0cfa0a3289fb63ddcea79601165d0,unknown,200.0,640.0,,
8589935107,f5a7d79f27ac4b76ffb13c8ee63d4f07,automotivo,1150.0,8000.0,2,707
8589935108,f5a9be6a5b9fbbd35e67c6883914c1ab,perfumaria,450.0,5632.0,1,1045
8589935109,f5b0aa2b1c596d29597ba3226353fce4,esporte_lazer,1000.0,13500.0,2,260
8589935110,f5b91c093029354e949006768a87b807,automotivo,600.0,27000.0,1,351
8589935111,f5b952758d88a5995ae5c8208a63b913,utilidades_domesticas,3750.0,22500.0,1,235
8589935112,f5c2634e0db9ac43af7775a6091ee2db,esporte_lazer,328.0,3168.0,1,1121
8589935113,f5c47e637a96fcf0de8c1c6baa75d856,eletronicos,110.0,1872.0,1,442
8589935114,f5d7145132f3a1e1bfb220ac72d803c5,telefonia,267.0,912.0,4,375
8589935115,f5d9f3f39171645ad59c424570874afb,beleza_saude,450.0,3600.0,1,967
8589935116,f5e3c48bff299925879d1507ab662a2b,relogios_presentes,500.0,2112.0,3,1542
8589935117,f5e48ba4fcfdf3920b7a857b261a3ef3,construcao_ferramentas_construcao,200.0,2058.0,1,648
8589935118,f5e5ad97ed609d83f1f9ef90e2d52450,market_place,200.0,1596.0,2,265
8589935119,f5ea43ddacb6538655583a8f51a12799,relogios_presentes,1650.0,17640.0,4,345
8589935120,f5f0e64686adaf487590fbb8a75a1d2c,esporte_lazer,2200.0,10648.0,1,929
8589935121,f5f5b024b9de6f4bef611bc8b1e370ec,esporte_lazer,150.0,1100.0,1,774
8589935122,f5f8b37f379db82195a477981fdd5ccd,cama_mesa_banho,200.0,2112.0,1,431
8589935123,f60836d2827709716e30c6f0eae78d67,fashion_bolsas_e_acessorios,200.0,1584.0,5,459
8589935124,f610782a58cacbcdd6d05080c4022b17,fashion_bolsas_e_acessorios,150.0,1584.0,6,369
8589935125,f6129fe69e08f8a94a3ab1e72d9394b6,beleza_saude,867.0,7344.0,1,299
8589935126,f6255ba641ecb52b580793c20b7d728d,eletronicos,225.0,3872.0,1,333
8589935127,f62cbf4416c9ef8e1b4e8d5279891f24,eletronicos,200.0,2800.0,1,352
8589935128,f62ed10e188737a0f5e98e5d7c21c442,utilidades_domesticas,1500.0,4224.0,1,397
8589935129,f636021ab0248325d2b69e3bcfc489bd,informatica_acessorios,200.0,2240.0,1,844
8589935130,f63623e4b513b69f115a2b34b9667938,eletronicos,100.0,2112.0,1,292
8589935131,f6365f947341b385dcb3f130e58236b8,casa_construcao,550.0,7803.0,4,638
8589935132,f6434e7eb6bcf886ebd61c123c5bf060,cama_mesa_banho,1850.0,2560.0,1,836
8589935133,f6453858964de0e03cbc5ceeef4e6ebd,automotivo,5050.0,25069.0,6,1145
8589935134,f64673cee0ed4c2b137d08a3dc4e855d,construcao_ferramentas_construcao,2250.0,8000.0,1,1243
8589935135,f646af315b0f3a597f69213537ca2199,moveis_decoracao,600.0,4913.0,1,928
8589935136,f64fc82a96c3d672cedd416653f65f06,cama_mesa_banho,400.0,20250.0,2,437
8589935137,f65464750198350b78735037a9b35dd2,cama_mesa_banho,20100.0,23625.0,1,398
8589935138,f6605392877b41d225dd146d2cf116b5,ferramentas_jardim,550.0,4913.0,1,1182
8589935139,f6691c7e7a0c12d28003c97608dfe605,fashion_roupa_masculina,950.0,9600.0,2,1026
8589935140,f67d6f74c4699f7ccf3bd1c0786901c8,ferramentas_jardim,1000.0,1815.0,1,187
8589935141,f683f3a5d367251ac1a86404f15615b5,relogios_presentes,700.0,352.0,7,514
8589935142,f688535e8e2f269c27dfb305d8e6ffbd,utilidades_domesticas,1383.0,6000.0,5,786
8589935143,f699b297070aa38aaf3de9639302506a,esporte_lazer,1250.0,30752.0,1,3830
8589935144,f6a1427197e9c6f9e433c669e64d07bf,moveis_decoracao,300.0,2640.0,1,1554
8589935145,f6b95bf0206dac805cbbf5807acce648,esporte_lazer,313.0,5040.0,3,448
8589935146,f6c0bce2838cf1bdab4958c4cb8b946e,relogios_presentes,233.0,2805.0,1,635
8589935147,f6c22e9bdcafd5297ab3b143e9a5a19f,relogios_presentes,1317.0,23374.0,1,559
8589935148,f6c72bd6698b579815c80bc85ab5ae14,eletroportateis,5150.0,39442.0,1,909
8589935149,f6cdf7aae7f5fb3d67142d5f385ae785,informatica_acessorios,300.0,2750.0,1,485
8589935150,f6e6c65001237d8ad94691b224e17753,moveis_decoracao,1300.0,7803.0,1,1001
8589935151,f6eda47c88d786adf6f3e3f016833927,pet_shop,748.0,11362.0,2,1496
8589935152,f6f1acecb8770430b76a87fae1c522dc,eletronicos,83.0,1287.0,2,568
8589935153,f6fa93875f4a7dac03e0a22143f4d815,cama_mesa_banho,450.0,4275.0,2,212
8589935154,f6fe388c9bfc145a2790437f1e4888d9,fashion_roupa_masculina,300.0,352.0,2,1434
8589935155,f71493db6e7483d84f937e1d15eddb38,brinquedos,700.0,18000.0,2,669
8589935156,f7186d0740a850c2f73f4b67959336fa,telefonia,150.0,1672.0,2,387
8589935157,f71a7c95a86564873cd996896b2976f6,informatica_acessorios,900.0,9744.0,5,1201
8589935158,f71a8f28bdda01d104586e674b4303de,utilidades_domesticas,550.0,7803.0,1,419
8589935159,f71c0f4ee48321ba6b82205b2fc9e08f,moveis_decoracao,975.0,18375.0,4,669
8589935160,f71e81166f65ac9b5174e4630ab20615,ferramentas_jardim,7900.0,121000.0,3,3920
8589935161,f720c39eaaedbc6f37a0cac64fe6a6aa,automotivo,150.0,5355.0,4,374
8589935162,f7285f0b3043d966ede4c21886b49a38,cool_stuff,3300.0,27588.0,1,593
8589935163,f72b7888719ff77bf96e14bc97b64430,cama_mesa_banho,9800.0,58500.0,3,1076
8589935164,f72c56e46adf2ef4cf84a708f8644f89,moveis_sala,9150.0,48720.0,5,759
8589935165,f72f94500a6463e91cc9ad3a4fa04234,utilidades_domesticas,275.0,9720.0,1,272
8589935166,f739e9151702508b18f796c53005e5e9,moveis_decoracao,1000.0,8349.0,2,533
8589935167,f73d1f2d7bcbf613000d643e7ec9d528,beleza_saude,200.0,1650.0,1,1649
8589935168,f73e87b204f0a4bcfa8edda38d11b334,automotivo,150.0,1056.0,2,425
8589935169,f7442dbcf090d2436e0321688ecf7d0b,esporte_lazer,1700.0,4096.0,1,1457
8589935170,f744418ea0467967ce11d829d1f9419a,cama_mesa_banho,1300.0,23625.0,1,271
8589935171,f744c6a73a924600d92abc66a44d4f7f,beleza_saude,3350.0,17424.0,1,578
8589935172,f74979233a273e0afadf48e39d0c45a4,utilidades_domesticas,1450.0,11375.0,1,374
8589935173,f74eb9bc847b5e5e906e5e214bb451b8,moveis_decoracao,900.0,2400.0,1,438
8589935174,f74fab8ad32a03b930bf63097821b9c7,moveis_decoracao,350.0,6400.0,1,83
8589935175,f75b94ae22e65bec6b67d9652ef8387c,informatica_acessorios,650.0,10208.0,1,872
8589935176,f75eb66dc82bccecabd706bd441cfd3a,malas_acessorios,800.0,34680.0,1,767
8589935177,f76648d50e1f928a32d5d8559719092f,telefonia,350.0,2860.0,1,2286
8589935178,f7684280fac20a1c9cb683d7ea7d9514,informatica_acessorios,1725.0,14384.0,4,816
8589935179,f7739485622f3dccbf3c8755adfd76af,utilidades_domesticas,300.0,1944.0,1,355
8589935180,f77dd338d9f75229a09cbb9a18fd0c9a,cama_mesa_banho,400.0,8000.0,5,734
8589935181,f77e97047148a84a38320c4a7583a594,climatizacao,1750.0,12000.0,1,375
8589935182,f77f1ec838ed490adc1529eedf7810ea,papelaria,980.0,14112.0,2,412
8589935183,f78279f3d11f68fffc3121f3295a5871,esporte_lazer,27800.0,10890.0,1,898
8589935184,f78b9bb56844b1771bb8be6e8907b1bf,esporte_lazer,350.0,2240.0,7,2268
8589935185,f78d57eae3aa976bdfd5f0db33141a79,cama_mesa_banho,2100.0,21000.0,1,204
8589935186,f7a5131ee6e422257630fe35c9b7875a,esporte_lazer,28500.0,170625.0,1,1229
8589935187,f7adf36ac9a90fe0ef2ab34bc1baa8b5,automotivo,100.0,782.0,4,506
8589935188,f7b6ca5735bfd052e73fa0b776070112,eletronicos,175.0,630.0,2,694
8589935189,f7bd9877cbaebdd3c596190ac46802b9,brinquedos,400.0,3360.0,3,423
8589935190,f7c3fc384cd3ac71650982c2c6fcbe77,cama_mesa_banho,600.0,2560.0,1,206
8589935191,f7c7bd3105bd26ce0de4072af7159f84,unknown,890.0,32768.0,,
8589935192,f7c98cd8b2d4d3b9a2d1322721e60a5a,construcao_ferramentas_iluminacao,3200.0,10350.0,1,2025
8589935193,f7d67abec0a2ed71d5125e6eecbd8db9,consoles_games,400.0,2907.0,1,393
8589935194,f7e0b1caf4e8709c62147484d5b1aa6a,perfumaria,200.0,1300.0,3,310
8589935195,f7e2c966e1db5f57d218c530464c38da,esporte_lazer,5750.0,38016.0,1,835
8589935196,f7f75f7339e0fd5af137094d59f44890,cool_stuff,2000.0,27216.0,1,1582
8589935197,f7fd83ec60b315b4f99710fed4089aa6,brinquedos,600.0,26910.0,2,262
8589935198,f8077831f3c3f393fb67b93c5acd8daf,casa_construcao,750.0,5120.0,7,921
8589935199,f811e4e8228504bcdd34f2fe9f502c92,bebes,200.0,3456.0,1,708
8589935200,f81cb4720a94848a6c7627ae0473bcd3,cool_stuff,700.0,37125.0,3,236
8589935201,f821142b81bcee787d6383b5c384d37d,moveis_decoracao,1100.0,21875.0,1,1644
8589935202,f82d1ebd3649e6b83c2d0f611cb5c540,cama_mesa_banho,4625.0,13800.0,1,162
8589935203,f8328e9125f089a968fc6b36116c4bb9,esporte_lazer,575.0,5120.0,1,1418
8589935204,f8337291f99ac7dfa9937942984d653d,pet_shop,200.0,6561.0,3,535
8589935205,f83475065f800a2c5bf842c7dc3f8925,moveis_escritorio,10850.0,94192.0,1,2116
8589935206,f834c914dc444ad2b175ff2a6f1ee1c7,automotivo,2500.0,14000.0,1,901
8589935207,f837b6a7e6740b19b2fa33c267fd8e7c,esporte_lazer,600.0,9600.0,4,1346
8589935208,f83a5f8708629c8efc042168299e8641,cama_mesa_banho,1100.0,2560.0,1,739
8589935209,f83c9874b5b5044ea58fef1be68c1ea8,cool_stuff,5200.0,9954.0,6,791
8589935210,f83f6ed380fa37da66fe8acd4593cc69,pet_shop,900.0,4410.0,3,624
8589935211,f83fd2b539bc73678c65be8d418be8c1,fraldas_higiene,200.0,2816.0,2,321
8589935212,f84ca2376ed799523593afad3bdae70f,eletronicos,4150.0,12167.0,7,2382
8589935213,f858dbf7475a6089fc882318b8aeaded,utilidades_domesticas,400.0,9375.0,1,122
8589935214,f86b655d8f6be5feaaff2da2190e8c4b,construcao_ferramentas_construcao,2450.0,4800.0,1,996
8589935215,f86ebf7428340f3c8a307502cc646e7e,esporte_lazer,150.0,1232.0,1,290
8589935216,f879fadd73c7b81f0b278dacc880cf08,moveis_decoracao,7500.0,44944.0,1,282
8589935217,f883c296edea388761ae3de2bc4870f3,relogios_presentes,200.0,640.0,2,176
8589935218,f883f9b139767a9577cdb99523c31d06,beleza_saude,1150.0,5760.0,1,1115
8589935219,f88e0d55c56301ce5e0d6d518c7f0598,fashion_calcados,900.0,10032.0,4,480
8589935220,f893b82f0fc3ba3686ca2d65eaed5a00,utilidades_domesticas,500.0,7500.0,1,984
8589935221,f8a7665279f140d238371c8e7604c204,moveis_escritorio,650.0,4840.0,2,249
8589935222,f8a8f05a35976a91aed5cccc3992c357,moveis_decoracao,1500.0,23625.0,1,418
8589935223,f8aa70d9a3144410291ddb62d20506b6,esporte_lazer,24700.0,6400.0,1,418
8589935224,f8b09faf273ab8c2cb4209378253f56a,beleza_saude,1200.0,8550.0,1,1351
8589935225,f8b1b810ffb15e012d0ebba1be2810aa,moveis_decoracao,1100.0,4320.0,1,401
8589935226,f8b29b398eeec313dd704d04a432af3a,informatica_acessorios,200.0,2816.0,1,410
8589935227,f8b49b0f49ab5467c1d3685cba5d9190,pet_shop,500.0,18000.0,1,226
8589935228,f8bb2d19e05c6738d6a11ace3936b153,eletrodomesticos,4750.0,15886.0,1,399
8589935229,f8bf29282300f0f7c655e3caf53f17ce,pet_shop,12150.0,59904.0,1,636
8589935230,f8c2617f62d3371e14acbe60d9483482,beleza_saude,450.0,1800.0,1,455
8589935231,f8ca22f13e0b58c30e9a8822f20d9ba9,moveis_decoracao,12200.0,102816.0,3,601
8589935232,f8cfb63e323be2e1c4172f255d61843d,cama_mesa_banho,550.0,27000.0,2,437
8589935233,f8d86453c62a01cc2920531c0bdf194d,esporte_lazer,1150.0,9504.0,3,522
8589935234,f8dc3e347e9b954a84d1d5e42b500e4c,market_place,300.0,1760.0,2,498
8589935235,f8e4c6a9bf1c1277191c445474b61778,utilidades_domesticas,600.0,13328.0,10,596
8589935236,f8e75ec247fd97a5e1abcaa48e9e971d,construcao_ferramentas_construcao,370.0,11088.0,1,475
8589935237,f8e7c2967bf9d85f668c88eea4f9f029,papelaria,1000.0,25200.0,2,531
8589935238,f8fd25407acaa78a395f224cbdc062c8,cama_mesa_banho,1600.0,9800.0,5,883
8589935239,f9025647e0a95c843a2d85c23df34c6c,papelaria,700.0,9504.0,2,298
8589935240,f906dbac60e535e0e5c313eaf7c5bfce,telefonia,150.0,836.0,1,316
8589935241,f90781e8e990b7e051be89afa85ee625,construcao_ferramentas_construcao,11100.0,50820.0,6,224
8589935242,f908df99196805b5bc4ada9ef510b11b,esporte_lazer,1950.0,13500.0,2,245
8589935243,f911903162e5c7cfa48e5b803068b091,construcao_ferramentas_construcao,400.0,2000.0,2,290
8589935244,f9146f84a0ad9aa621d8c51735f5610d,utilidades_domesticas,700.0,40608.0,1,117
8589935245,f915422d1dfcaad46759f41c28790158,instrumentos_musicais,400.0,2223.0,3,619
8589935246,f91a53ddc9bba002d1f3d77e9a39c07e,malas_acessorios,700.0,24000.0,3,386
8589935247,f91abf665b0b3d4f46b39c2cafdf6415,telefonia,350.0,816.0,6,818
8589935248,f9207fac331224217b3ee2db75d7a49b,moveis_decoracao,3000.0,8349.0,1,1953
8589935249,f921da19d229dad9bf3a94e86e7f7f32,utilidades_domesticas,5250.0,18000.0,2,360
8589935250,f9259c9e7c0f12c70f7a81409680a5ff,esporte_lazer,925.0,36036.0,2,407
8589935251,f92ece990baf778926b7349c309b55f7,pet_shop,7300.0,48314.0,12,734
8589935252,f936a018eafeb52059650c9e977b53eb,beleza_saude,1613.0,4860.0,1,1376
8589935253,f9421e9d9b4689dd804adbdb8c712d39,utilidades_domesticas,6050.0,43320.0,2,85
8589935254,f9458859aae2e130bf04630fac14d225,utilidades_domesticas,450.0,12000.0,5,1765
8589935255,f9471562478eba8761bc985b968a0092,utilidades_domesticas,850.0,5670.0,1,390
8589935256,f94d494034180bcbeb9c56cae79f6168,moveis_sala,4650.0,16337.0,3,1143
8589935257,f95dcd7b0926e47d0f20a9050aea2e9e,eletronicos,1535.0,8232.0,3,2053
8589935258,f95f8434a1ff4885362c44d9d8526579,papelaria,500.0,36309.0,1,206
8589935259,f96dd9e258daf5610e93eb2034b5102a,informatica_acessorios,300.0,3840.0,1,1437
8589935260,f97194491a605b1d0e50d631e443cb5a,esporte_lazer,1300.0,33635.0,1,525
8589935261,f9812ff329fb8141750f67a3e6551907,informatica_acessorios,300.0,2700.0,2,236
8589935262,f98669b114883609dce5f0ded424d81b,automotivo,5850.0,14664.0,5,651
8589935263,f98ab3dc92c46ebabdc8f613acfae537,beleza_saude,210.0,5016.0,1,1419
8589935264,f98dbc219c0bcd7fb37420dff826912f,beleza_saude,1200.0,3960.0,3,1124
8589935265,f9912baa2dc6e701cce5431f13339b4e,esporte_lazer,500.0,8000.0,1,946
8589935266,f997c8ca952938be7b2d487f761c7e76,telefonia_fixa,99.0,1056.0,1,78
8589935267,f99e92b9472a8d08d27cfc7e98292b42,malas_acessorios,900.0,50000.0,5,1230
8589935268,f9a1a72d4069bf9570e29b9c620bef07,unknown,700.0,2720.0,,
8589935269,f9a26e326cd01165ff614a519473afbb,informatica_acessorios,343.0,3264.0,1,154
8589935270,f9a4667b264a6823ecdf9d1ab8914faf,fashion_bolsas_e_acessorios,200.0,352.0,1,1434
8589935271,f9a8853f6e322ff0ff068ca9f315b5d5,papelaria,250.0,27000.0,4,984
8589935272,f9b178c9fdc90bbcfbd6c6b49ed47d4c,moveis_decoracao,1850.0,27000.0,1,894
8589935273,f9b1795281ce51b1cf39ef6d101ae8ab,unknown,400.0,7200.0,,
8589935274,f9bab7e7dbab7e5883add425280ec006,perfumaria,100.0,352.0,4,684
8589935275,f9bb291280bceedf7840b89e1e75b89c,moveis_decoracao,2400.0,11200.0,11,113
8589935276,f9bdcb274f479aa71dd34e8bccdd9a82,construcao_ferramentas_jardim,200.0,576.0,6,2036
8589935277,f9ce5e5592c6836c379b156a1b043684,esporte_lazer,1250.0,13500.0,2,247
8589935278,f9d151cf2fc10d41cce64b782856320f,informatica_acessorios,75.0,5916.0,3,454
8589935279,f9df82b6115c453e5ae8e7706576eef5,casa_construcao,300.0,2112.0,1,908
8589935280,f9e110c72727fb5733e1a7e6a7a230c5,utilidades_domesticas,625.0,4608.0,5,642
8589935281,f9eb0aeafb5aa02dd5889376063550b9,cama_mesa_banho,400.0,6050.0,2,352
8589935282,f9fafac43d3416d92ecc303fdeb1743d,moveis_decoracao,2.0,6292.0,2,1039
8589935283,fa052b8f8028fd0a75b6b2671b1e1cfb,moveis_decoracao,400.0,3750.0,3,1180
8589935284,fa05881d3eb7ffec2322b507ed3ccc6b,utilidades_domesticas,225.0,11284.0,5,291
8589935285,fa05a3cc2d44ecc49e3e6c5a80958845,relogios_presentes,500.0,4225.0,1,368
8589935286,fa0bace68b883626200a9047a5ea10ca,beleza_saude,543.0,5760.0,1,876
8589935287,fa1502bd3e809ced8365f6fff5777b97,utilidades_domesticas,10300.0,23400.0,1,135
8589935288,fa1faf99691e04a296f0f8d11c58ac24,moveis_decoracao,800.0,23575.0,1,3175
8589935289,fa32eab071be815c7f0717838c7d8e98,eletronicos,528.0,3536.0,1,498
8589935290,fa35b4bf358c776e80d08e8079dc1d4e,fashion_roupa_masculina,300.0,11550.0,1,416
8589935291,fa3bea10a666ef8afb1557f5e866b719,esporte_lazer,150.0,2352.0,1,254
8589935292,fa51e914046aab32764c41356b9d4ea4,unknown,1300.0,32400.0,,
8589935293,fa544f2aa7b07e28b921a5b7056fc03a,moveis_decoracao,600.0,9295.0,2,2215
8589935294,fa5495aecccab59767b3f761cee47664,utilidades_domesticas,150.0,1936.0,2,932
8589935295,fa559a64fdb8719b675a8baf140b3d9e,cama_mesa_banho,600.0,2560.0,1,563
8589935296,fa6033d3f009f79e0214038467cab55e,automotivo,623.0,4608.0,3,891
8589935297,fa64259a73edf6f724b7ddf23aac1bb0,eletroportateis,350.0,14000.0,2,179
8589935298,fa642cf83fd321da8ff421fe2915ee75,beleza_saude,250.0,2400.0,1,168
8589935299,fa66c43e63966d8b1770f6df326e05fb,esporte_lazer,260.0,2772.0,2,1290
8589935300,fa680bff04bea02bfc06fd7feef8d347,cama_mesa_banho,525.0,8029.0,1,161
8589935301,fa711a175203bd0dad2b1e39b4551a89,moveis_decoracao,1200.0,7680.0,5,627
8589935302,fa723c2295c02577738691a61d56a94e,ferramentas_jardim,6800.0,48000.0,1,1658
8589935303,fa7be99321f2dbb1e518d2139ccb1d39,esporte_lazer,500.0,8100.0,5,1908
8589935304,fa7e460c8ef762c029b4042723e481c7,brinquedos,150.0,1232.0,4,202
8589935305,fa812218786a729a847c4e1869c4ca48,fashion_bolsas_e_acessorios,1050.0,6600.0,4,1118
8589935306,fa814ebf85f1640b2acea3c4378d40f9,cama_mesa_banho,1150.0,6929.0,1,284
8589935307,fa8485bc54eaad5b218cd8081c859568,fashion_underwear_e_moda_praia,150.0,2340.0,2,275
8589935308,fa87bc5ccdd8ea6e54117916e485cb48,cama_mesa_banho,1000.0,2560.0,1,634
8589935309,fa8b90b254398a181c77d51bae41eada,beleza_saude,5550.0,33000.0,1,493
8589935310,fa8f466a5cc7c984851474eda1c9e17d,beleza_saude,454.0,4275.0,1,669
8589935311,fa94f25a73969e3a25d52706e246dfcc,cama_mesa_banho,1700.0,15120.0,2,632
8589935312,fa9cc1dfd86d0877d43101973bf26eee,utilidades_domesticas,10200.0,57120.0,1,677
8589935313,fa9cf28beaafe4f4bec59550f6c76481,moveis_decoracao,400.0,3150.0,3,470
8589935314,faa445166ca307f7436e1d84d68a893d,automotivo,3500.0,26011.0,3,255
8589935315,faaa13c4eb6bb073693378999e40b9a0,moveis_decoracao,7050.0,42000.0,1,232
8589935316,faab97003f349e10524a71ed2c2f2bde,brinquedos,1400.0,17472.0,2,824
8589935317,face2da48fe57bfcb7a37d2d8c43332d,moveis_decoracao,1000.0,9520.0,1,87
8589935318,fad4e554c85c77f187ef2c6744495d31,ferramentas_jardim,400.0,3240.0,1,455
8589935319,fad534edb8f35664713c4b766fa473d4,cama_mesa_banho,400.0,600.0,1,81
8589935320,fad5712458efaf9fff0c29431c558b07,relogios_presentes,325.0,4693.0,2,559
8589935321,fadced14c797b6382fe83c56c85f7eb0,construcao_ferramentas_seguranca,520.0,3952.0,3,1446
8589935322,fadde2aec26938dd22add77b290d279d,utilidades_domesticas,4400.0,26208.0,1,614
8589935323,fae1557c6a2150f66bb7004d3d21affe,telefonia,100.0,1760.0,1,604
8589935324,faec279ddbbce3de75d2adf10f612a5e,utilidades_domesticas,2600.0,48000.0,2,589
8589935325,fafa8d1635b1fa204785386f79112a58,cama_mesa_banho,1000.0,6240.0,1,1075
8589935326,fb06535ba5dfc8f3e07fd0edc7c770fb,telefonia,100.0,627.0,2,361
8589935327,fb10a064e6f5151ebfffc589e166c917,audio,1742.0,3179.0,1,236
8589935328,fb14dbd8b5d4195d70df81f35b593889,eletronicos,365.0,4000.0,2,279
8589935329,fb18a1cb28af3e0832439bde416a3407,cama_mesa_banho,300.0,4860.0,1,164
8589935330,fb18a209851c75740dc49860261492b6,automotivo,225.0,3825.0,3,1459
8589935331,fb1e2262cc73f7ab23c5dc5cf8d78693,malas_acessorios,16200.0,83549.0,2,452
8589935332,fb1f078a066428f00c1d71d6b9df3ff8,telefonia,600.0,2415.0,2,432
8589935333,fb29f48bfea41db52e349454f433340e,informatica_acessorios,300.0,7020.0,1,690
8589935334,fb2a6e3ef40153f4d8e0296196988bf2,automotivo,3100.0,8448.0,1,818
8589935335,fb2f2ec90b4ee90ad257bbf89d01247e,cama_mesa_banho,850.0,2560.0,1,629
8589935336,fb31d5d2acd4bf37057330c1a96af712,automotivo,1750.0,40500.0,1,840
8589935337,fb34a3bfc66ae09f045f9613fdb7bb5c,unknown,600.0,4680.0,,
8589935338,fb3d7615501eb8155531583652015360,unknown,350.0,4608.0,,
8589935339,fb3d9b25b111fc87a868c07e66489cae,beleza_saude,775.0,5130.0,3,2460
8589935340,fb43e2d63e76125c76c8f07c263e0bd4,eletrodomesticos,950.0,25200.0,1,289
8589935341,fb495e971326b55afcb1f473adf0afb8,esporte_lazer,2350.0,8000.0,1,920
8589935342,fb4fe6c3f949da5331edd51fa1e1d3e1,automotivo,600.0,7260.0,5,1819
8589935343,fb5bf004540ad1453e3903bdd2162293,malas_acessorios,8050.0,51744.0,2,395
8589935344,fb614bd62b359254bbf6f7c28b34e65c,fashion_bolsas_e_acessorios,1200.0,15210.0,1,478
8589935345,fb629d276a4906468cec4054df4bfd24,automotivo,100.0,3520.0,4,296
8589935346,fb694051ae63bbd9793cb8869bd96949,esporte_lazer,1450.0,10000.0,1,952
8589935347,fb6ef896af51dbc06d51d65f414703e4,moveis_decoracao,300.0,2268.0,3,931
8589935348,fb7707ed64cb62f7c280d9e384f03c07,brinquedos,900.0,13500.0,3,1445
8589935349,fb78b116998a9911245664c7823e1a95,telefonia,350.0,1615.0,5,762
8589935350,fb7b0b000e62f37b2d53546b843201b8,cama_mesa_banho,2800.0,28215.0,1,1050
8589935351,fb7eda79f009c621d394406fc3c28d5c,fashion_calcados,3000.0,21312.0,5,451
8589935352,fb8d7cbaede34c7601b2d5a283287d49,automotivo,200.0,1426.0,2,133
8589935353,fb8ec7f3124032e812713f60633e6167,cama_mesa_banho,1050.0,3150.0,1,875
8589935354,fb92dc4602bd9224e0e267496748afc5,relogios_presentes,475.0,5586.0,1,243
8589935355,fb9c4133006cdb80c0a96dd36310aac4,automotivo,2130.0,7429.0,2,2400
8589935356,fb9e76805845146bdd3dbee717b27979,esporte_lazer,3850.0,18040.0,7,1351
8589935357,fba0d8ee4c9aa479a86833c83892e589,bebes,550.0,7072.0,1,2057
8589935358,fbb4594a7d9aff5d02ae898ee494b935,utilidades_domesticas,1250.0,12320.0,2,796
8589935359,fbbccb1d65066d96ce4cc9edef2f5a0a,pet_shop,2500.0,146250.0,1,301
8589935360,fbc1488c1a1e72ba175f53ab29a248e8,perfumaria,560.0,4199.0,1,311
8589935361,fbcd9b07bda0301e7e776fc1ab26fdfe,casa_conforto,2200.0,23625.0,1,292
8589935362,fbce52c4e7a3898c2ade51f177f77012,ferramentas_jardim,207.0,1632.0,4,795
8589935363,fbd2a9aa1f115244e2ce115ad8eacfca,unknown,1200.0,1782.0,,
8589935364,fbed7bca664c2d2d9a1412223f7c8aeb,automotivo,600.0,27000.0,1,352
8589935365,fbf7215badcb7ebd5b322b71a0733fb8,utilidades_domesticas,5534.0,52560.0,2,4
8589935366,fc0c0ec18acc7de4c5d1eb3d4c274e72,cama_mesa_banho,426.0,9269.0,1,853
8589935367,fc1449f3ffc59fd2eb9640505aea0581,informatica_acessorios,1400.0,11830.0,1,345
8589935368,fc154625377a75559098d1b52e40b78a,brinquedos,1905.0,14250.0,1,645
8589935369,fc2053a22dde0b067898ea436a86ec6e,cama_mesa_banho,1900.0,12540.0,1,158
8589935370,fc2a10fccd980a626042e02b0948269d,perfumaria,450.0,2457.0,4,375
8589935371,fc2d2cbc50b7d69ce961df503cb25e6b,ferramentas_jardim,18500.0,147668.0,4,1966
8589935372,fc35f167625d74f06ad5e5e643172cb9,relogios_presentes,200.0,3240.0,9,258
8589935373,fc3d0f0efacfaae58292fed1ab69fd47,esporte_lazer,450.0,4125.0,1,486
8589935374,fc41206e8fcdfebc2418ab3a038053af,automotivo,3550.0,19712.0,6,703
8589935375,fc4179aaee80873ac630e593d669256d,fashion_bolsas_e_acessorios,400.0,1920.0,1,267
8589935376,fc44aa56f6950438772a08ec23552fd9,eletrodomesticos,750.0,19250.0,2,150
8589935377,fc49395ccfb1f65ab0d1352684772112,unknown,500.0,1768.0,,
8589935378,fc4e529d4121c3f5ced63c2ad05fb2d2,relogios_presentes,400.0,4116.0,1,706
8589935379,fc5043902812d122c4e80113ff924c1b,papelaria,5500.0,84000.0,7,254
8589935380,fc5888c7df7361d2582b2fd195a827eb,cama_mesa_banho,850.0,29785.0,2,302
8589935381,fc5dd987f12a7b823a76a44aa1ba88f6,unknown,250.0,1008.0,,
8589935382,fc5feda8d6c915bdbd6ca84bac05e2eb,fashion_bolsas_e_acessorios,150.0,880.0,4,584
8589935383,fc7d2de677b4aec44e4c6c900d3f8b79,cama_mesa_banho,3400.0,23625.0,1,325
8589935384,fc83db05de6120d00e02ea0fe6f916af,ferramentas_jardim,1300.0,10500.0,4,1093
8589935385,fc86606232e0da421bf450a13068a4b4,relogios_presentes,1300.0,7168.0,4,352
8589935386,fc8895b553fa05e3c996f020da54ef8a,automotivo,526.0,4095.0,1,526
8589935387,fc8b21a0fa8ae9622a79bd557b380961,audio,350.0,2816.0,2,905
8589935388,fc8e852906ed3985a6e1ea67eb1dfdf9,moveis_decoracao,600.0,7072.0,2,2064
8589935389,fc931a514a3e080c336911cccd59145b,automotivo,679.0,5440.0,1,721
8589935390,fc93dd7f733b2e9ed94453e40e4fa677,esporte_lazer,150.0,4000.0,3,240
8589935391,fc94d52bb346616a130e657a8fac829b,bebes,7100.0,65600.0,1,233
8589935392,fc9af7b3544da8645e6c3148a22026e2,automotivo,5500.0,20539.0,6,695
8589935393,fc9f1b7e877d87c6e78cc32686a73a27,cama_mesa_banho,1000.0,7200.0,1,701
8589935394,fca2e81c23d935ea664ac286eb86ccf5,perfumaria,200.0,2156.0,1,522
8589935395,fca5350a69eb4d8ae4f5884413ebd0e5,perfumaria,400.0,3168.0,1,220
8589935396,fca62108387e25005784da2f551466a1,moveis_decoracao,14600.0,56448.0,3,87
8589935397,fcaab5d7f656094e49fbe4ee3a506658,papelaria,7650.0,56980.0,4,234
8589935398,fcad6e5643f855de4b616a24e6dd25e4,cama_mesa_banho,15150.0,81270.0,1,334
8589935399,fcb61bdd656827a13a98f369eeb9fa3b,cama_mesa_banho,1600.0,7200.0,1,215
8589935400,fcbb0fb955e82fdf9afbb3641b5a6ac0,moveis_decoracao,5075.0,20808.0,4,247
8589935401,fcc27d197f2e7be2b9a8ecedfd1a1730,cool_stuff,2000.0,27588.0,1,316
8589935402,fccd4d9159e9566d6c8708ffd6af7aa4,instrumentos_musicais,333.0,4420.0,2,740
8589935403,fcd0a70961c103799897803f4e49c628,relogios_presentes,400.0,2816.0,2,244
8589935404,fcd119ff3868ddbb0013932039418ede,livros_tecnicos,550.0,1224.0,1,545
8589935405,fcd98736b0f93602db185e73afddefc1,beleza_saude,850.0,4374.0,1,1395
8589935406,fcdb929c70287379ce31deed3f733d72,cama_mesa_banho,1625.0,40590.0,1,231
8589935407,fce1a7007f115fe2b900a7592ee87c47,esporte_lazer,200.0,2016.0,2,1823
8589935408,fce976d7954f915c971fb93ac8724681,utilidades_domesticas,250.0,4096.0,1,853
8589935409,fcebf00185e30ec68a53482496656b25,pet_shop,2300.0,18000.0,1,243
8589935410,fcf19b6b1ff4a17bcd6ca9675b58aa6f,beleza_saude,725.0,9724.0,1,1211
8589935411,fcf28afb1353f2f12ea041dd74954226,telefonia,300.0,816.0,5,818
8589935412,fcf311603fa276d415c006188e7bd070,telefonia,90.0,627.0,2,359
8589935413,fcf41b0fb1a95c8f66330d698d55a532,relogios_presentes,250.0,3840.0,3,993
8589935414,fd0731561b291a28f6a3a189e86a1107,malas_acessorios,800.0,36784.0,1,290
8589935415,fd09697dea5aa0de13308b83c6e03f69,beleza_saude,750.0,9000.0,1,716
8589935416,fd0c762860528d119344e1377b574fc5,alimentos,317.0,1760.0,1,723
8589935417,fd0cabf47b122be0cbaaac86fc34b4a8,cama_mesa_banho,1200.0,72000.0,1,492
8589935418,fd0dc040197a6ac42d115243a8cee1dc,alimentos,139.0,2340.0,1,1257
8589935419,fd0f7402731790468090d7895cf61c0f,perfumaria,500.0,4096.0,1,1120
8589935420,fd12e3863702114b037de431a73ed139,relogios_presentes,200.0,352.0,3,742
8589935421,fd15dec337d57a332d25ec667eb5e859,relogios_presentes,725.0,4212.0,2,471
8589935422,fd206f3c185fd47c22d6de48f25133fe,telefonia,500.0,6000.0,2,314
8589935423,fd220f6fd5a3f13ef9db07428f9c935d,bebes,280.0,1122.0,6,1438
8589935424,fd28b464cf1660a67606f7b48c8c38c6,cama_mesa_banho,700.0,8096.0,4,497
8589935425,fd3ceef50842d4449ec638256dcf2147,informatica_acessorios,3313.0,5400.0,1,552
8589935426,fd4269ef0b64a4ef82eb098107665158,informatica_acessorios,1666.0,15600.0,1,237
8589935427,fd5165e9ee553f6e1bc24e5103ceb50b,moveis_decoracao,1700.0,10500.0,3,296
8589935428,fd538a6af86a4b1b8546ec67d04a6323,construcao_ferramentas_iluminacao,7700.0,44100.0,1,1456
8589935429,fd55ab8af788f6bba621cd37a8701889,esporte_lazer,3900.0,85800.0,1,186
8589935430,fd76f22bf3648e0dd4295e593def7664,automotivo,1000.0,14850.0,2,1383
8589935431,fd7d2e006bf144655148da8077bd8d4f,instrumentos_musicais,200.0,7680.0,5,291
8589935432,fd8427a5b8ddccc638a8861eed9aef64,cama_mesa_banho,1350.0,11025.0,1,383
8589935433,fd85f34d70edf41fbea6a3269d183e00,unknown,163.0,9072.0,,
8589935434,fd97587c26811f6072bacce1484fbf65,bebes,50.0,1056.0,4,322
8589935435,fd9f8eff0fa910129e366594485e00dd,esporte_lazer,410.0,2850.0,4,1172
8589935436,fda8e9e4aa94f525fc48f6777ff040ea,cool_stuff,13800.0,20880.0,4,412
8589935437,fdad129d8e902058f98862f23dcf6978,informatica_acessorios,250.0,2520.0,2,1101
8589935438,fdaed9f1261debbac5fc4459dc4fad1c,telefonia,500.0,4096.0,3,3358
8589935439,fdb33d3471c9183b30cea8b7b34e4880,automotivo,570.0,2100.0,2,736
8589935440,fdbfd4cec6db6e89f22d9aa2c4839eed,casa_construcao,20050.0,75625.0,2,362
8589935441,fdc52cfa6830ea1f04bc31c0939b2357,audio,300.0,4096.0,1,1125
8589935442,fdc7b4c1ee3b0ba0c649a3147d039983,relogios_presentes,450.0,2112.0,3,1336
8589935443,fdc86b2fc0a185e4044ef057bb75a977,telefonia,175.0,6048.0,5,763
8589935444,fdcd405125af2d9b2b7b6fa42950fd92,eletrodomesticos_2,450.0,24000.0,1,264
8589935445,fdd4f5e099d232bbd0d1fca8eab34172,fashion_bolsas_e_acessorios,200.0,2400.0,1,110
8589935446,fdd6cd13962a20732851bc7cefd37549,cama_mesa_banho,350.0,3600.0,1,190
8589935447,fdde5bfe43004cc06f12152870b951f4,perfumaria,475.0,5120.0,2,1470
8589935448,fde4e97b75bd817d8c4aef8de39ed4d9,fashion_bolsas_e_acessorios,150.0,1584.0,6,582
8589935449,fde71f25e699ca0a2a83a6c3a249b816,livros_importados,600.0,1276.0,1,93
8589935450,fde90f06296b26995fd0de6f16610d70,construcao_ferramentas_jardim,1650.0,4312.0,1,225
8589935451,fdf648fe44c2e24e9857c8d4ad5a7028,ferramentas_jardim,700.0,5472.0,1,141
8589935452,fdfb90feb49d2b41b8283a8ec6e95590,instrumentos_musicais,11600.0,90000.0,1,1123
8589935453,fdfe4f462b8972c3455163e3fa7653c6,automotivo,7000.0,19712.0,6,695
8589935454,fe01b643060a6446e59f58e3021e66b3,perfumaria,1250.0,10920.0,2,659
8589935455,fe038e16fec390e96e4d557ef433e280,papelaria,100.0,2352.0,1,75
8589935456,fe06d596708c590bf178cdb82aa7d48d,instrumentos_musicais,850.0,2288.0,5,569
8589935457,fe0a8502d28faaddaa89ebedadc543ae,automotivo,100.0,3072.0,2,171
8589935458,fe0c30fb2df4e35bc7319b277ddbdaa5,sinalizacao_e_seguranca,850.0,5681.0,2,526
8589935459,fe0caf78250528cec991a2462326f574,utilidades_domesticas,1900.0,16900.0,1,797
8589935460,fe117e311878a71023889b7bb6a8f2c2,moveis_decoracao,300.0,1920.0,5,393
8589935461,fe1341006261b53f5f8415fb27772e66,unknown,250.0,2016.0,,
8589935462,fe1ee1f8bfbb79fe10856189a0c35229,utilidades_domesticas,1400.0,24024.0,1,413
8589935463,fe281ff6eb3a52425dca9c76f4b505c0,cama_mesa_banho,2150.0,13690.0,1,238
8589935464,fe28979be307dfef18cb028e5bd4e8e6,cama_mesa_banho,600.0,4320.0,1,718
8589935465,fe2f068d3b10f48ac104cd8c8dbcdfe8,esporte_lazer,450.0,15625.0,1,317
8589935466,fe31b2791161c24e921f90788d443e1c,consoles_games,1100.0,5148.0,5,2462
8589935467,fe34503c6bccf918db601aaafd4a975a,unknown,3000.0,6384.0,,
8589935468,fe3d99587f58ad918a2241f5c7dfa274,esporte_lazer,3700.0,39204.0,1,3120
8589935469,fe406983ad8b9e20a5b18801f39ece27,cama_mesa_banho,3213.0,39102.0,1,410
8589935470,fe4098f3eb43b02ba19c15d81bde2b2d,cama_mesa_banho,1500.0,7500.0,2,315
8589935471,fe40f7377a50aba380fb2fca57cf730c,pet_shop,1650.0,29568.0,6,2359
8589935472,fe4afcfae208147e0189eaa4c3f5fb8d,papelaria,1750.0,37170.0,1,110
8589935473,fe547f9a78a612634a416e6be45fe693,cama_mesa_banho,3718.0,28160.0,2,605
8589935474,fe61253e50ad6ee9f1d180da22ce5eef,automotivo,1050.0,7920.0,5,2711
8589935475,fe6f03cedd96bcbc5c8726c5963fd35c,cama_mesa_banho,1250.0,6400.0,1,639
8589935476,fe7185e8ca6be33b48072c4ba1b6056d,cool_stuff,750.0,15750.0,1,629
8589935477,fe7976532777922f0d60261e75f7ad36,telefonia,150.0,832.0,4,364
8589935478,fe7ad3e3828f32193dfbe6359f733a8f,brinquedos,823.0,19600.0,3,609
8589935479,fe7d52482b17e6b3466f4b8f3ce51a9e,beleza_saude,250.0,2415.0,3,3059
8589935480,fe849745fcdc6e1d6864539a2b13197f,beleza_saude,300.0,2964.0,1,841
8589935481,fe8f341b1e20d2b1135245c3400a6e53,automotivo,3550.0,14000.0,1,904
8589935482,fe9184887637170f6da65623475d6a66,construcao_ferramentas_construcao,600.0,7514.0,1,2457
8589935483,fe95eb948375116da759c8ef60295001,cama_mesa_banho,800.0,23625.0,1,556
8589935484,fe9dfbe7f974621789683b7b78be2a16,beleza_saude,5300.0,27360.0,3,1131
8589935485,fea526cd827b9e8ef83d3e3beb1f3db0,automotivo,1525.0,21420.0,5,867
8589935486,feb593f17c2f51af2932dbba3e99f1cb,automotivo,50.0,3640.0,1,361
8589935487,feb94d995efca232513a7baffff772b8,esporte_lazer,400.0,1280.0,1,738
8589935488,fec2d939a171210847d8f2d102f0dba5,ferramentas_jardim,8950.0,10240.0,1,825
8589935489,fec95e3df8533d6872300b23b9a5a943,moveis_decoracao,6300.0,18522.0,1,945
8589935490,fedbf77eb491dfc9ac276b9ea9ee10c6,papelaria,350.0,6750.0,1,228
8589935491,fef0dd8c53552d0f784b7cc5375a3ffe,automotivo,600.0,352.0,1,1069
8589935492,fef11bcb9bda869da356243b240c07b7,artes,300.0,880.0,1,888
8589935493,fef4145d5309c82cd34bdfe608dd323c,automotivo,250.0,1152.0,1,760
8589935494,fef80a5fb121b63bedd4096ff28f6aaa,relogios_presentes,150.0,1500.0,1,567
8589935495,ff0253002f8f3b78103899fc6f6ba120,moveis_decoracao,50.0,6292.0,2,1673
8589935496,ff09b38ea3889c433325e313807936ea,unknown,1600.0,7488.0,,
8589935497,ff0ba1ffc67724ddc6db331bd417ef67,beleza_saude,517.0,4704.0,1,1029
8589935498,ff274e9a1f40c1c9bc8a2069af3a0084,beleza_saude,1875.0,18000.0,1,578
8589935499,ff285e6c96040323d3763dd184924018,informatica_acessorios,150.0,1408.0,3,268
8589935500,ff29d8cb1cd0cd5ea37b80dac9939e1c,eletronicos,200.0,6000.0,1,485
8589935501,ff3377c7e76bb050877c8a7c28d7525f,esporte_lazer,2000.0,9680.0,2,362
8589935502,ff34f05b00e8638201e04d2d0651c663,ferramentas_jardim,2350.0,5400.0,1,452
8589935503,ff37b24bee4345bc69d11fae0e6cd3da,moveis_escritorio,20450.0,62620.0,1,507
8589935504,ff39fa912acf02a733de1b0cf84e779e,pet_shop,5850.0,25714.0,1,728
8589935505,ff40459ce8252a72f01615a9aca8b877,utilidades_domesticas,1300.0,14384.0,1,816
8589935506,ff469d5a015226354ab92a85c8c46537,informatica_acessorios,933.0,10560.0,1,411
8589935507,ff4f41437ea37fc126d110853404b625,perfumaria,100.0,2420.0,1,269
8589935508,ff4f5b008c32f80c3f952b2b56a28e04,brinquedos,1600.0,39520.0,2,640
8589935509,ff50a7795bf14586aeb06610fae49095,cama_mesa_banho,2100.0,24000.0,1,295
8589935510,ff5bdcc63751127e726cb69cff0cb5de,utilidades_domesticas,2150.0,22140.0,2,335
8589935511,ff5ecb2f7628793844e861076ab8e467,brinquedos,450.0,23625.0,1,215
8589935512,ff5f8606556b625613f069a5a9a48966,bebes,2300.0,10206.0,1,554
8589935513,ff6154cee42bf2718cca4865f0620e04,ferramentas_jardim,600.0,12672.0,1,139
8589935514,ff678388090fbae683a9a271480fb7f3,cool_stuff,300.0,3960.0,4,927
8589935515,ff6a816ae8a01312fe42dc48c7c8ead1,beleza_saude,417.0,2400.0,1,605
8589935516,ff7824d83aca56224fa3e3b524748ec5,esporte_lazer,600.0,17500.0,3,383
8589935517,ff7a70b3356d433014b7d6957ed196cb,moveis_decoracao,16400.0,32000.0,2,598
8589935518,ff7aa48b8bc68495866b40c4010d58c9,cama_mesa_banho,1800.0,13500.0,2,854
8589935519,ff7ac89ca5b77d0fb5f8a65262d73956,perfumaria,1000.0,3640.0,1,483
8589935520,ff7c7524d5f9a8386ab27088ec03c1fb,cama_mesa_banho,1000.0,12000.0,2,510
8589935521,ff817f0901191fbe02933928daa95e6e,automotivo,725.0,15840.0,2,587
8589935522,ff8b5a5f01bf21afd7d49b4688ca6d1f,brinquedos,300.0,800.0,1,422
8589935523,ff8e9a180c931adab01ed6b3c44edc25,ferramentas_jardim,4200.0,6877.0,3,388
8589935524,ff9032482857269e8683f0c2f8ba4709,fashion_bolsas_e_acessorios,50.0,1056.0,5,247
8589935525,ff907ae86deaa05b65cfb3b14166e7c7,beleza_saude,1400.0,23166.0,3,540
8589935526,ff9240e1887b9c59757142080b2c8d79,beleza_saude,450.0,4608.0,1,1443
8589935527,ff95ac47246ef13e48712ea1ff8df0d9,utilidades_domesticas,5300.0,31500.0,1,614
8589935528,ff9a23dcd6b233811bd2a7be174a8e4c,beleza_saude,150.0,4000.0,1,841
8589935529,ffa1ce7f2a287ca5e369673bd77d43de,cool_stuff,1000.0,5684.0,1,690
8589935530,ffa4027b0effa4df0d5f5a9ce2788b6d,cool_stuff,2100.0,67626.0,4,551
8589935531,ffaaddefb271481c66d4bd79844ecdae,utilidades_domesticas,200.0,5000.0,1,316
8589935532,ffade53cc6541c89321fff351e04751a,brinquedos,1050.0,44100.0,2,390
8589935533,ffae6024df16802ba75f761d9aa24367,telefonia,150.0,2700.0,2,845
8589935534,ffb2a783fe9381154e13bb3457651996,moveis_decoracao,5300.0,128000.0,1,392
8589935535,ffb2e8c1ddc7c3e590d2bc4c91de53e1,moveis_decoracao,600.0,1690.0,1,534
8589935536,ffb64e34a37740dafb6c88f1abd1fa61,esporte_lazer,700.0,22575.0,3,417
8589935537,ffbfa9e143fda4420454d0f4e88a3cd5,informatica_acessorios,793.0,13440.0,3,2026
8589935538,ffc0b406806006602c5853b00ab5f7fd,artigos_de_natal,4450.0,18000.0,1,749
8589935539,ffcfaba393e8ef71937c6e8421bc2868,casa_construcao,19800.0,91125.0,2,523
8589935540,ffd2365fb8224dc66883df9351d65deb,relogios_presentes,333.0,2496.0,2,630
8589935541,ffd34459c21034d1da6df9800de0d7a3,beleza_saude,150.0,2737.0,1,816
8589935542,ffd4bf4306745865e5692f69bd237893,fashion_bolsas_e_acessorios,150.0,4096.0,5,193
8589935543,ffe9468f4d890db80b7231e86931ff37,brinquedos,17000.0,78208.0,3,598
8589935544,ffedbd68fa6f44e788ff6c2db8094715,livros_tecnicos,450.0,736.0,1,739
8589935545,fff1059cd247279f3726b7696c66e44e,esporte_lazer,421.0,3328.0,1,285
8589935546,fff9553ac224cec9d15d49f5a263411f,fashion_bolsas_e_acessorios,150.0,2288.0,3,328
8589935547,fffe9eeff12fcbd74a2f2b007dde0c58,brinquedos,3900.0,7568.0,3,1536
